Entity,Code,Year,Deaths - Cause: Self-harm - Sex: Both sexes - Age_group: ALLAges
Afghanistan,AFG,2000,1020.21
Afghanistan,AFG,2001,1087.82
Afghanistan,AFG,2002,1130.85
Afghanistan,AFG,2003,1171.68
Afghanistan,AFG,2004,1242.53
Afghanistan,AFG,2005,1274.97
Afghanistan,AFG,2006,1298.08
Afghanistan,AFG,2007,1300.37
Afghanistan,AFG,2008,1278.57
Afghanistan,AFG,2009,1245.47
Afghanistan,AFG,2010,1244.99
Afghanistan,AFG,2011,1240.58
Afghanistan,AFG,2012,1251.02
Afghanistan,AFG,2013,1293.09
Afghanistan,AFG,2014,1311.52
Afghanistan,AFG,2015,1365.64
Afghanistan,AFG,2016,1420.27
Afghanistan,AFG,2017,1473.44
Afghanistan,AFG,2018,1508.02
Afghanistan,AFG,2019,1572.61
Africa,,2000,68389.8
Africa,,2001,68624.12
Africa,,2002,69341.28
Africa,,2003,70277.64
Africa,,2004,70871.09
Africa,,2005,71859.91
Africa,,2006,73016.64
Africa,,2007,74639.6
Africa,,2008,77414.09
Africa,,2009,79020.04
Africa,,2010,79021.9
Africa,,2011,78777.03
Africa,,2012,79611.15
Africa,,2013,80200.86
Africa,,2014,80351.92
Africa,,2015,80888.81
Africa,,2016,81438.18
Africa,,2017,82362.83
Africa,,2018,83358.53
Africa,,2019,84662.664
Albania,ALB,2000,153.93
Albania,ALB,2001,141.29
Albania,ALB,2002,144.18
Albania,ALB,2003,150.04
Albania,ALB,2004,148.78
Albania,ALB,2005,230.44
Albania,ALB,2006,238.12
Albania,ALB,2007,244.96
Albania,ALB,2008,245.7
Albania,ALB,2009,241
Albania,ALB,2010,230.85
Albania,ALB,2011,231.4
Albania,ALB,2012,150.81
Albania,ALB,2013,152.7
Albania,ALB,2014,143.41
Albania,ALB,2015,137.45
Albania,ALB,2016,135.39
Albania,ALB,2017,134.58
Albania,ALB,2018,130.43
Albania,ALB,2019,124.97
Algeria,DZA,2000,1401.29
Algeria,DZA,2001,1406.56
Algeria,DZA,2002,1396.41
Algeria,DZA,2003,1321.72
Algeria,DZA,2004,1300.28
Algeria,DZA,2005,1276.77
Algeria,DZA,2006,1242.45
Algeria,DZA,2007,1198.81
Algeria,DZA,2008,1166.44
Algeria,DZA,2009,1127.69
Algeria,DZA,2010,1088.78
Algeria,DZA,2011,1081.32
Algeria,DZA,2012,1082.8
Algeria,DZA,2013,1086.47
Algeria,DZA,2014,1073.56
Algeria,DZA,2015,1064.2
Algeria,DZA,2016,1035.18
Algeria,DZA,2017,1017.9
Algeria,DZA,2018,1048.46
Algeria,DZA,2019,1071.9
Angola,AGO,2000,1428.3
Angola,AGO,2001,1462.06
Angola,AGO,2002,1498.35
Angola,AGO,2003,1585.7
Angola,AGO,2004,1604.78
Angola,AGO,2005,1566.43
Angola,AGO,2006,1723.39
Angola,AGO,2007,1545.02
Angola,AGO,2008,1636.5
Angola,AGO,2009,1506.86
Angola,AGO,2010,1629
Angola,AGO,2011,1592.95
Angola,AGO,2012,1739.24
Angola,AGO,2013,1800.86
Angola,AGO,2014,1719.97
Angola,AGO,2015,1803.98
Angola,AGO,2016,1796.81
Angola,AGO,2017,1793.78
Angola,AGO,2018,1848.61
Angola,AGO,2019,1935.99
Antigua and Barbuda,ATG,2000,1.48
Antigua and Barbuda,ATG,2001,1.44
Antigua and Barbuda,ATG,2002,1
Antigua and Barbuda,ATG,2003,1
Antigua and Barbuda,ATG,2004,1.39
Antigua and Barbuda,ATG,2005,1.03
Antigua and Barbuda,ATG,2006,0.39
Antigua and Barbuda,ATG,2007,0.3
Antigua and Barbuda,ATG,2008,0.24
Antigua and Barbuda,ATG,2009,0
Antigua and Barbuda,ATG,2010,0.14
Antigua and Barbuda,ATG,2011,0.15
Antigua and Barbuda,ATG,2012,0
Antigua and Barbuda,ATG,2013,0
Antigua and Barbuda,ATG,2014,0.41
Antigua and Barbuda,ATG,2015,0.41
Antigua and Barbuda,ATG,2016,0.51
Antigua and Barbuda,ATG,2017,0
Antigua and Barbuda,ATG,2018,0.37
Antigua and Barbuda,ATG,2019,0.38
Argentina,ARG,2000,3357.86
Argentina,ARG,2001,3821.96
Argentina,ARG,2002,3859.64
Argentina,ARG,2003,3695.23
Argentina,ARG,2004,3358.09
Argentina,ARG,2005,3352.01
Argentina,ARG,2006,3379.75
Argentina,ARG,2007,3275.69
Argentina,ARG,2008,3474.15
Argentina,ARG,2009,3414.86
Argentina,ARG,2010,3495.36
Argentina,ARG,2011,3524.21
Argentina,ARG,2012,3811.65
Argentina,ARG,2013,3611.15
Argentina,ARG,2014,3951.22
Argentina,ARG,2015,3574.65
Argentina,ARG,2016,3598.29
Argentina,ARG,2017,3894.48
Argentina,ARG,2018,4065.75
Argentina,ARG,2019,3747
Armenia,ARM,2000,104.76
Armenia,ARM,2001,95.6
Armenia,ARM,2002,104.52
Armenia,ARM,2003,79.13
Armenia,ARM,2004,120.7
Armenia,ARM,2005,126.41
Armenia,ARM,2006,173.73
Armenia,ARM,2007,168.94
Armenia,ARM,2008,139.99
Armenia,ARM,2009,137.76
Armenia,ARM,2010,194.17
Armenia,ARM,2011,195.59
Armenia,ARM,2012,214.5
Armenia,ARM,2013,184.37
Armenia,ARM,2014,182.38
Armenia,ARM,2015,179.96
Armenia,ARM,2016,167.61
Armenia,ARM,2017,87.97
Armenia,ARM,2018,61.33
Armenia,ARM,2019,98.09
Asia,,2000,481665.97
Asia,,2001,461712.06
Asia,,2002,453634.53
Asia,,2003,461512.8
Asia,,2004,469921.28
Asia,,2005,473135.25
Asia,,2006,465427.6
Asia,,2007,460350.28
Asia,,2008,455473.94
Asia,,2009,451243.16
Asia,,2010,449803.16
Asia,,2011,443838.7
Asia,,2012,429471.3
Asia,,2013,418897.3
Asia,,2014,404472.7
Asia,,2015,396802.66
Asia,,2016,395435.4
Asia,,2017,396321.16
Asia,,2018,406626.6
Asia,,2019,408749.5
Australia,AUS,2000,2411.97
Australia,AUS,2001,2332.19
Australia,AUS,2002,2196.97
Australia,AUS,2003,2056.77
Australia,AUS,2004,2038.32
Australia,AUS,2005,2255.1
Australia,AUS,2006,2185.17
Australia,AUS,2007,2275.53
Australia,AUS,2008,2469.47
Australia,AUS,2009,2444.46
Australia,AUS,2010,2588.64
Australia,AUS,2011,2528.61
Australia,AUS,2012,2689.45
Australia,AUS,2013,2676.92
Australia,AUS,2014,2986.29
Australia,AUS,2015,3165.06
Australia,AUS,2016,2952.7
Australia,AUS,2017,3229.05
Australia,AUS,2018,3098.85
Australia,AUS,2019,3149.76
Austria,AUT,2000,1605.84
Austria,AUT,2001,1505.1
Austria,AUT,2002,1572.17
Austria,AUT,2003,1489.03
Austria,AUT,2004,1435.4
Austria,AUT,2005,1423.06
Austria,AUT,2006,1356.4
Austria,AUT,2007,1327.36
Austria,AUT,2008,1320.42
Austria,AUT,2009,1337.39
Austria,AUT,2010,1355.28
Austria,AUT,2011,1390.83
Austria,AUT,2012,1384.86
Austria,AUT,2013,1388.21
Austria,AUT,2014,1422.47
Austria,AUT,2015,1388.21
Austria,AUT,2016,1358.48
Austria,AUT,2017,1353.87
Austria,AUT,2018,1399.7
Austria,AUT,2019,1307.14
Azerbaijan,AZE,2000,253.33
Azerbaijan,AZE,2001,280.85
Azerbaijan,AZE,2002,298.18
Azerbaijan,AZE,2003,315.26
Azerbaijan,AZE,2004,361.67
Azerbaijan,AZE,2005,384.44
Azerbaijan,AZE,2006,406.21
Azerbaijan,AZE,2007,427.35
Azerbaijan,AZE,2008,417.84
Azerbaijan,AZE,2009,413.79
Azerbaijan,AZE,2010,411.37
Azerbaijan,AZE,2011,411.46
Azerbaijan,AZE,2012,405.87
Azerbaijan,AZE,2013,400.97
Azerbaijan,AZE,2014,396.76
Azerbaijan,AZE,2015,391.52
Azerbaijan,AZE,2016,388.54
Azerbaijan,AZE,2017,391.59
Azerbaijan,AZE,2018,400.85
Azerbaijan,AZE,2019,411.29
Bahamas,BHS,2000,6.93
Bahamas,BHS,2001,7.67
Bahamas,BHS,2002,6.99
Bahamas,BHS,2003,7.37
Bahamas,BHS,2004,10.2
Bahamas,BHS,2005,9.8
Bahamas,BHS,2006,11.46
Bahamas,BHS,2007,10.87
Bahamas,BHS,2008,11.36
Bahamas,BHS,2009,11.53
Bahamas,BHS,2010,12.73
Bahamas,BHS,2011,13.26
Bahamas,BHS,2012,12.73
Bahamas,BHS,2013,11.51
Bahamas,BHS,2014,12.16
Bahamas,BHS,2015,12.96
Bahamas,BHS,2016,13.51
Bahamas,BHS,2017,12.94
Bahamas,BHS,2018,13.65
Bahamas,BHS,2019,13.77
Bahrain,BHR,2000,43.83
Bahrain,BHR,2001,61.62
Bahrain,BHR,2002,67.58
Bahrain,BHR,2003,79.34
Bahrain,BHR,2004,84.63
Bahrain,BHR,2005,91.52
Bahrain,BHR,2006,78.5
Bahrain,BHR,2007,99.13
Bahrain,BHR,2008,102.39
Bahrain,BHR,2009,101.28
Bahrain,BHR,2010,101.53
Bahrain,BHR,2011,101.23
Bahrain,BHR,2012,96.24
Bahrain,BHR,2013,93.44
Bahrain,BHR,2014,99.16
Bahrain,BHR,2015,101.37
Bahrain,BHR,2016,109.27
Bahrain,BHR,2017,120.66
Bahrain,BHR,2018,134.4
Bahrain,BHR,2019,145.46
Bangladesh,BGD,2000,7711.88
Bangladesh,BGD,2001,7370.22
Bangladesh,BGD,2002,7069.16
Bangladesh,BGD,2003,6836.63
Bangladesh,BGD,2004,6658.71
Bangladesh,BGD,2005,6852.11
Bangladesh,BGD,2006,7019.04
Bangladesh,BGD,2007,6994.79
Bangladesh,BGD,2008,6818.82
Bangladesh,BGD,2009,6683.58
Bangladesh,BGD,2010,6458.92
Bangladesh,BGD,2011,5905.66
Bangladesh,BGD,2012,5539.25
Bangladesh,BGD,2013,5343.98
Bangladesh,BGD,2014,5355.65
Bangladesh,BGD,2015,5334.27
Bangladesh,BGD,2016,5357.48
Bangladesh,BGD,2017,5559.36
Bangladesh,BGD,2018,5752.93
Bangladesh,BGD,2019,5997.85
Barbados,BRB,2000,7.14
Barbados,BRB,2001,4.27
Barbados,BRB,2002,0.93
Barbados,BRB,2003,3.33
Barbados,BRB,2004,3.9
Barbados,BRB,2005,7.95
Barbados,BRB,2006,4.52
Barbados,BRB,2007,4.14
Barbados,BRB,2008,2.7
Barbados,BRB,2009,4.15
Barbados,BRB,2010,4.58
Barbados,BRB,2011,2.77
Barbados,BRB,2012,1.36
Barbados,BRB,2013,0.98
Barbados,BRB,2014,1.73
Barbados,BRB,2015,1.71
Barbados,BRB,2016,1.78
Barbados,BRB,2017,1.76
Barbados,BRB,2018,1.77
Barbados,BRB,2019,1.77
Belarus,BLR,2000,4123.11
Belarus,BLR,2001,4244.87
Belarus,BLR,2002,4315.97
Belarus,BLR,2003,4152.47
Belarus,BLR,2004,4044.84
Belarus,BLR,2005,4161.09
Belarus,BLR,2006,3895.81
Belarus,BLR,2007,3487.75
Belarus,BLR,2008,3470.09
Belarus,BLR,2009,3446.45
Belarus,BLR,2010,3382.41
Belarus,BLR,2011,3411.88
Belarus,BLR,2012,2819.4
Belarus,BLR,2013,2626.07
Belarus,BLR,2014,2483.17
Belarus,BLR,2015,2296.74
Belarus,BLR,2016,2285.14
Belarus,BLR,2017,2199.25
Belarus,BLR,2018,2155.11
Belarus,BLR,2019,2003.98
Belgium,BEL,2000,2264.31
Belgium,BEL,2001,2300.03
Belgium,BEL,2002,2168.38
Belgium,BEL,2003,2239.6
Belgium,BEL,2004,2117.22
Belgium,BEL,2005,2184.31
Belgium,BEL,2006,2149.51
Belgium,BEL,2007,2002.9
Belgium,BEL,2008,2190.75
Belgium,BEL,2009,2239.45
Belgium,BEL,2010,2244.32
Belgium,BEL,2011,2326.74
Belgium,BEL,2012,2310.22
Belgium,BEL,2013,2177.23
Belgium,BEL,2014,2181.3
Belgium,BEL,2015,2099.4
Belgium,BEL,2016,2187.48
Belgium,BEL,2017,2159.13
Belgium,BEL,2018,2142.48
Belgium,BEL,2019,2111.05
Belize,BLZ,2000,18.28
Belize,BLZ,2001,15.34
Belize,BLZ,2002,16.06
Belize,BLZ,2003,16.89
Belize,BLZ,2004,19.09
Belize,BLZ,2005,15.36
Belize,BLZ,2006,16.37
Belize,BLZ,2007,15.55
Belize,BLZ,2008,13.41
Belize,BLZ,2009,19.4
Belize,BLZ,2010,22.22
Belize,BLZ,2011,22.31
Belize,BLZ,2012,21.24
Belize,BLZ,2013,20.23
Belize,BLZ,2014,21.02
Belize,BLZ,2015,21.53
Belize,BLZ,2016,21.51
Belize,BLZ,2017,26.28
Belize,BLZ,2018,24.9
Belize,BLZ,2019,27.59
Benin,BEN,2000,602.07
Benin,BEN,2001,623.95
Benin,BEN,2002,643.75
Benin,BEN,2003,659.77
Benin,BEN,2004,682.16
Benin,BEN,2005,694.55
Benin,BEN,2006,709.19
Benin,BEN,2007,717
Benin,BEN,2008,716.99
Benin,BEN,2009,756.65
Benin,BEN,2010,773.88
Benin,BEN,2011,799.26
Benin,BEN,2012,810.25
Benin,BEN,2013,830.18
Benin,BEN,2014,844.28
Benin,BEN,2015,852.62
Benin,BEN,2016,873.05
Benin,BEN,2017,889.29
Benin,BEN,2018,910.12
Benin,BEN,2019,921.77
Bhutan,BTN,2000,28.55
Bhutan,BTN,2001,29.37
Bhutan,BTN,2002,28.67
Bhutan,BTN,2003,29.13
Bhutan,BTN,2004,28.97
Bhutan,BTN,2005,29.19
Bhutan,BTN,2006,29.28
Bhutan,BTN,2007,29.04
Bhutan,BTN,2008,29.04
Bhutan,BTN,2009,29.02
Bhutan,BTN,2010,28.98
Bhutan,BTN,2011,29.59
Bhutan,BTN,2012,30.4
Bhutan,BTN,2013,31.24
Bhutan,BTN,2014,31.95
Bhutan,BTN,2015,32.68
Bhutan,BTN,2016,32.92
Bhutan,BTN,2017,34.22
Bhutan,BTN,2018,34.78
Bhutan,BTN,2019,35.13
Bolivia,BOL,2000,577.26
Bolivia,BOL,2001,567.3
Bolivia,BOL,2002,573.42
Bolivia,BOL,2003,571.73
Bolivia,BOL,2004,571.59
Bolivia,BOL,2005,576.74
Bolivia,BOL,2006,554.64
Bolivia,BOL,2007,582.78
Bolivia,BOL,2008,581.62
Bolivia,BOL,2009,592.77
Bolivia,BOL,2010,607.14
Bolivia,BOL,2011,623.64
Bolivia,BOL,2012,623.01
Bolivia,BOL,2013,633.51
Bolivia,BOL,2014,661.8
Bolivia,BOL,2015,693.23
Bolivia,BOL,2016,731.73
Bolivia,BOL,2017,720.27
Bolivia,BOL,2018,714.91
Bolivia,BOL,2019,715.11
Bosnia and Herzegovina,BIH,2000,339.22
Bosnia and Herzegovina,BIH,2001,352.33
Bosnia and Herzegovina,BIH,2002,366.54
Bosnia and Herzegovina,BIH,2003,370.93
Bosnia and Herzegovina,BIH,2004,374.6
Bosnia and Herzegovina,BIH,2005,404.85
Bosnia and Herzegovina,BIH,2006,402.34
Bosnia and Herzegovina,BIH,2007,433.21
Bosnia and Herzegovina,BIH,2008,406.08
Bosnia and Herzegovina,BIH,2009,400.48
Bosnia and Herzegovina,BIH,2010,390.48
Bosnia and Herzegovina,BIH,2011,389.48
Bosnia and Herzegovina,BIH,2012,374.69
Bosnia and Herzegovina,BIH,2013,375.5
Bosnia and Herzegovina,BIH,2014,369.36
Bosnia and Herzegovina,BIH,2015,367.31
Bosnia and Herzegovina,BIH,2016,355.85
Bosnia and Herzegovina,BIH,2017,352.78
Bosnia and Herzegovina,BIH,2018,357.59
Bosnia and Herzegovina,BIH,2019,360.75
Botswana,BWA,2000,579.56
Botswana,BWA,2001,577.75
Botswana,BWA,2002,558.24
Botswana,BWA,2003,541.8
Botswana,BWA,2004,562.1
Botswana,BWA,2005,611.96
Botswana,BWA,2006,588.35
Botswana,BWA,2007,550
Botswana,BWA,2008,544.64
Botswana,BWA,2009,490.79
Botswana,BWA,2010,484.65
Botswana,BWA,2011,456.97
Botswana,BWA,2012,461.17
Botswana,BWA,2013,445.13
Botswana,BWA,2014,409.41
Botswana,BWA,2015,403.89
Botswana,BWA,2016,383.69
Botswana,BWA,2017,384.35
Botswana,BWA,2018,392.72
Botswana,BWA,2019,369.85
Brazil,BRA,2000,6962.24
Brazil,BRA,2001,7823.33
Brazil,BRA,2002,7828.61
Brazil,BRA,2003,7887.9
Brazil,BRA,2004,8135.64
Brazil,BRA,2005,8666.66
Brazil,BRA,2006,8786.03
Brazil,BRA,2007,9242.77
Brazil,BRA,2008,9778.59
Brazil,BRA,2009,9940.68
Brazil,BRA,2010,9756.43
Brazil,BRA,2011,10332.64
Brazil,BRA,2012,10750.63
Brazil,BRA,2013,11209.29
Brazil,BRA,2014,11398.75
Brazil,BRA,2015,12000.41
Brazil,BRA,2016,12355.79
Brazil,BRA,2017,13665.51
Brazil,BRA,2018,14576.82
Brazil,BRA,2019,14540.15
Brunei,BRN,2000,6.15
Brunei,BRN,2001,4.54
Brunei,BRN,2002,5.53
Brunei,BRN,2003,5.76
Brunei,BRN,2004,6.93
Brunei,BRN,2005,7.91
Brunei,BRN,2006,10.78
Brunei,BRN,2007,9.67
Brunei,BRN,2008,7.95
Brunei,BRN,2009,6.72
Brunei,BRN,2010,4.95
Brunei,BRN,2011,7.46
Brunei,BRN,2012,8.5
Brunei,BRN,2013,7.18
Brunei,BRN,2014,7.32
Brunei,BRN,2015,7.79
Brunei,BRN,2016,10.77
Brunei,BRN,2017,14.11
Brunei,BRN,2018,13.47
Brunei,BRN,2019,11.68
Bulgaria,BGR,2000,1458.48
Bulgaria,BGR,2001,1384.61
Bulgaria,BGR,2002,1373.63
Bulgaria,BGR,2003,1175.72
Bulgaria,BGR,2004,1101.98
Bulgaria,BGR,2005,1018.52
Bulgaria,BGR,2006,1020.34
Bulgaria,BGR,2007,944.48
Bulgaria,BGR,2008,991.26
Bulgaria,BGR,2009,921.76
Bulgaria,BGR,2010,917.22
Bulgaria,BGR,2011,812.43
Bulgaria,BGR,2012,919.77
Bulgaria,BGR,2013,765.75
Bulgaria,BGR,2014,756.85
Bulgaria,BGR,2015,708.01
Bulgaria,BGR,2016,689.9
Bulgaria,BGR,2017,730.88
Bulgaria,BGR,2018,681.87
Bulgaria,BGR,2019,681.01
Burkina Faso,BFA,2000,992.6
Burkina Faso,BFA,2001,984.18
Burkina Faso,BFA,2002,981.13
Burkina Faso,BFA,2003,1001.02
Burkina Faso,BFA,2004,1035.78
Burkina Faso,BFA,2005,1072.76
Burkina Faso,BFA,2006,1116.89
Burkina Faso,BFA,2007,1148.97
Burkina Faso,BFA,2008,1168.8
Burkina Faso,BFA,2009,1206.3
Burkina Faso,BFA,2010,1253.43
Burkina Faso,BFA,2011,1264.45
Burkina Faso,BFA,2012,1368.12
Burkina Faso,BFA,2013,1411.08
Burkina Faso,BFA,2014,1413.4
Burkina Faso,BFA,2015,1442.26
Burkina Faso,BFA,2016,1461.08
Burkina Faso,BFA,2017,1477.56
Burkina Faso,BFA,2018,1509.9
Burkina Faso,BFA,2019,1520.81
Burundi,BDI,2000,744.59
Burundi,BDI,2001,703.29
Burundi,BDI,2002,685.67
Burundi,BDI,2003,666.74
Burundi,BDI,2004,658.72
Burundi,BDI,2005,654.97
Burundi,BDI,2006,679.57
Burundi,BDI,2007,659.17
Burundi,BDI,2008,644.69
Burundi,BDI,2009,649.28
Burundi,BDI,2010,659.99
Burundi,BDI,2011,661.63
Burundi,BDI,2012,659.03
Burundi,BDI,2013,666.27
Burundi,BDI,2014,654.66
Burundi,BDI,2015,654.59
Burundi,BDI,2016,672.61
Burundi,BDI,2017,689.45
Burundi,BDI,2018,705.02
Burundi,BDI,2019,720.04
Cambodia,KHM,2000,609
Cambodia,KHM,2001,630.49
Cambodia,KHM,2002,639.18
Cambodia,KHM,2003,651.14
Cambodia,KHM,2004,692.12
Cambodia,KHM,2005,734.62
Cambodia,KHM,2006,762.2
Cambodia,KHM,2007,782.75
Cambodia,KHM,2008,774.59
Cambodia,KHM,2009,759.58
Cambodia,KHM,2010,768.37
Cambodia,KHM,2011,766.78
Cambodia,KHM,2012,774.72
Cambodia,KHM,2013,775.94
Cambodia,KHM,2014,774.38
Cambodia,KHM,2015,784.7
Cambodia,KHM,2016,798.63
Cambodia,KHM,2017,793.77
Cambodia,KHM,2018,800.98
Cambodia,KHM,2019,799.72
Cameroon,CMR,2000,1655.3
Cameroon,CMR,2001,1725
Cameroon,CMR,2002,1740.55
Cameroon,CMR,2003,1810.33
Cameroon,CMR,2004,1838.86
Cameroon,CMR,2005,2027.99
Cameroon,CMR,2006,2132.78
Cameroon,CMR,2007,2127.95
Cameroon,CMR,2008,2151.59
Cameroon,CMR,2009,2197.82
Cameroon,CMR,2010,2197.93
Cameroon,CMR,2011,2251.74
Cameroon,CMR,2012,2282.7
Cameroon,CMR,2013,2295.55
Cameroon,CMR,2014,2261.03
Cameroon,CMR,2015,2204.36
Cameroon,CMR,2016,2205.4
Cameroon,CMR,2017,2207.16
Cameroon,CMR,2018,2245.07
Cameroon,CMR,2019,2332.89
Canada,CAN,2000,3650.24
Canada,CAN,2001,3782.45
Canada,CAN,2002,3724.61
Canada,CAN,2003,3913.46
Canada,CAN,2004,3726.22
Canada,CAN,2005,3920.09
Canada,CAN,2006,3652.36
Canada,CAN,2007,3778.65
Canada,CAN,2008,3850.35
Canada,CAN,2009,4044.54
Canada,CAN,2010,4115.77
Canada,CAN,2011,3892.32
Canada,CAN,2012,4112.38
Canada,CAN,2013,4267.54
Canada,CAN,2014,4532.1
Canada,CAN,2015,4681.03
Canada,CAN,2016,4316.79
Canada,CAN,2017,4791.83
Canada,CAN,2018,4445.1
Canada,CAN,2019,4416.63
Cape Verde,CPV,2000,51.41
Cape Verde,CPV,2001,52.64
Cape Verde,CPV,2002,54.55
Cape Verde,CPV,2003,55.97
Cape Verde,CPV,2004,58.25
Cape Verde,CPV,2005,60.94
Cape Verde,CPV,2006,61.56
Cape Verde,CPV,2007,64.17
Cape Verde,CPV,2008,67.17
Cape Verde,CPV,2009,70.26
Cape Verde,CPV,2010,72.84
Cape Verde,CPV,2011,73.94
Cape Verde,CPV,2012,75.23
Cape Verde,CPV,2013,74.95
Cape Verde,CPV,2014,74.45
Cape Verde,CPV,2015,75.63
Cape Verde,CPV,2016,76.23
Cape Verde,CPV,2017,76.07
Cape Verde,CPV,2018,72.74
Cape Verde,CPV,2019,71.1
Central African Republic,CAF,2000,693.43
Central African Republic,CAF,2001,659.33
Central African Republic,CAF,2002,663.04
Central African Republic,CAF,2003,637.86
Central African Republic,CAF,2004,621.27
Central African Republic,CAF,2005,610.99
Central African Republic,CAF,2006,647.15
Central African Republic,CAF,2007,646.28
Central African Republic,CAF,2008,645.35
Central African Republic,CAF,2009,692.75
Central African Republic,CAF,2010,690.92
Central African Republic,CAF,2011,679.64
Central African Republic,CAF,2012,653.07
Central African Republic,CAF,2013,664.48
Central African Republic,CAF,2014,694.97
Central African Republic,CAF,2015,648.95
Central African Republic,CAF,2016,622.82
Central African Republic,CAF,2017,659.16
Central African Republic,CAF,2018,597.26
Central African Republic,CAF,2019,584.94
Chad,TCD,2000,653.8
Chad,TCD,2001,675.54
Chad,TCD,2002,693.56
Chad,TCD,2003,727.03
Chad,TCD,2004,734.36
Chad,TCD,2005,760.96
Chad,TCD,2006,781.57
Chad,TCD,2007,829.57
Chad,TCD,2008,839.2
Chad,TCD,2009,874.68
Chad,TCD,2010,918.47
Chad,TCD,2011,947.49
Chad,TCD,2012,966.31
Chad,TCD,2013,971.63
Chad,TCD,2014,971.42
Chad,TCD,2015,956.29
Chad,TCD,2016,968.13
Chad,TCD,2017,1010.42
Chad,TCD,2018,1023.42
Chad,TCD,2019,1027.02
Chile,CHL,2000,1575.24
Chile,CHL,2001,1594.05
Chile,CHL,2002,1512.4
Chile,CHL,2003,1541.53
Chile,CHL,2004,1622.1
Chile,CHL,2005,1565.8
Chile,CHL,2006,1641.95
Chile,CHL,2007,1815.91
Chile,CHL,2008,2041.59
Chile,CHL,2009,2139.36
Chile,CHL,2010,1980.92
Chile,CHL,2011,2012.35
Chile,CHL,2012,1830.53
Chile,CHL,2013,1721.64
Chile,CHL,2014,1748.42
Chile,CHL,2015,1791.74
Chile,CHL,2016,1819.64
Chile,CHL,2017,1712.07
Chile,CHL,2018,1650.26
Chile,CHL,2019,1700.33
China,CHN,2000,185473.5
China,CHN,2001,168700.7
China,CHN,2002,160218.4
China,CHN,2003,168800.5
China,CHN,2004,177033.2
China,CHN,2005,172292.5
China,CHN,2006,163056.5
China,CHN,2007,155548.8
China,CHN,2008,150993.6
China,CHN,2009,145928
China,CHN,2010,140896.8
China,CHN,2011,132888.4
China,CHN,2012,125255
China,CHN,2013,120158.8
China,CHN,2014,117480.7
China,CHN,2015,115025.8
China,CHN,2016,115970.7
China,CHN,2017,116319.7
China,CHN,2018,116768.7
China,CHN,2019,116323.8
Colombia,COL,2000,1979.95
Colombia,COL,2001,1985.65
Colombia,COL,2002,1918.39
Colombia,COL,2003,1891.39
Colombia,COL,2004,1873.96
Colombia,COL,2005,1760.48
Colombia,COL,2006,1787.59
Colombia,COL,2007,1802.36
Colombia,COL,2008,1839.8
Colombia,COL,2009,1827.71
Colombia,COL,2010,1733.08
Colombia,COL,2011,1677.32
Colombia,COL,2012,1761.98
Colombia,COL,2013,1701.14
Colombia,COL,2014,1761.33
Colombia,COL,2015,1964.34
Colombia,COL,2016,2038.08
Colombia,COL,2017,2277.04
Colombia,COL,2018,1998.52
Colombia,COL,2019,1964.89
Comoros,COM,2000,34.04
Comoros,COM,2001,34.4
Comoros,COM,2002,33.85
Comoros,COM,2003,33.54
Comoros,COM,2004,32.91
Comoros,COM,2005,32.81
Comoros,COM,2006,33.69
Comoros,COM,2007,33.71
Comoros,COM,2008,35.47
Comoros,COM,2009,33.91
Comoros,COM,2010,38.41
Comoros,COM,2011,36.01
Comoros,COM,2012,37.9
Comoros,COM,2013,38.42
Comoros,COM,2014,42.02
Comoros,COM,2015,42.8
Comoros,COM,2016,43.68
Comoros,COM,2017,44.03
Comoros,COM,2018,44.64
Comoros,COM,2019,45.81
Congo,COG,2000,452.45
Congo,COG,2001,399.11
Congo,COG,2002,365.16
Congo,COG,2003,345.65
Congo,COG,2004,356.82
Congo,COG,2005,350.62
Congo,COG,2006,360.67
Congo,COG,2007,361.32
Congo,COG,2008,358.21
Congo,COG,2009,385.74
Congo,COG,2010,385.27
Congo,COG,2011,380.59
Congo,COG,2012,400.57
Congo,COG,2013,376.71
Congo,COG,2014,355.39
Congo,COG,2015,329.69
Congo,COG,2016,335.68
Congo,COG,2017,336.1
Congo,COG,2018,338.2
Congo,COG,2019,348.68
Costa Rica,CRI,2000,252.91
Costa Rica,CRI,2001,208.57
Costa Rica,CRI,2002,287.44
Costa Rica,CRI,2003,327.07
Costa Rica,CRI,2004,341.62
Costa Rica,CRI,2005,280.64
Costa Rica,CRI,2006,366.81
Costa Rica,CRI,2007,249.89
Costa Rica,CRI,2008,245.24
Costa Rica,CRI,2009,254.97
Costa Rica,CRI,2010,315.94
Costa Rica,CRI,2011,319.46
Costa Rica,CRI,2012,307.35
Costa Rica,CRI,2013,318.82
Costa Rica,CRI,2014,269.75
Costa Rica,CRI,2015,326.48
Costa Rica,CRI,2016,375.5
Costa Rica,CRI,2017,303.02
Costa Rica,CRI,2018,359.14
Costa Rica,CRI,2019,406.81
Cote d'Ivoire,CIV,2000,2319.04
Cote d'Ivoire,CIV,2001,2241.56
Cote d'Ivoire,CIV,2002,2181.36
Cote d'Ivoire,CIV,2003,2189.29
Cote d'Ivoire,CIV,2004,2170.09
Cote d'Ivoire,CIV,2005,2107.78
Cote d'Ivoire,CIV,2006,2168.67
Cote d'Ivoire,CIV,2007,2201.42
Cote d'Ivoire,CIV,2008,2083.9
Cote d'Ivoire,CIV,2009,2196.69
Cote d'Ivoire,CIV,2010,2333.37
Cote d'Ivoire,CIV,2011,2339.56
Cote d'Ivoire,CIV,2012,2426.2
Cote d'Ivoire,CIV,2013,2454.2
Cote d'Ivoire,CIV,2014,2386.77
Cote d'Ivoire,CIV,2015,2323.12
Cote d'Ivoire,CIV,2016,2280.55
Cote d'Ivoire,CIV,2017,2248.07
Cote d'Ivoire,CIV,2018,2250.32
Cote d'Ivoire,CIV,2019,2288.32
Croatia,HRV,2000,920.15
Croatia,HRV,2001,870.22
Croatia,HRV,2002,858.26
Croatia,HRV,2003,866.59
Croatia,HRV,2004,885.97
Croatia,HRV,2005,878.33
Croatia,HRV,2006,797.84
Croatia,HRV,2007,789.65
Croatia,HRV,2008,800.82
Croatia,HRV,2009,794.7
Croatia,HRV,2010,793.99
Croatia,HRV,2011,709.43
Croatia,HRV,2012,790.07
Croatia,HRV,2013,705.17
Croatia,HRV,2014,735
Croatia,HRV,2015,745.21
Croatia,HRV,2016,691.44
Croatia,HRV,2017,656.02
Croatia,HRV,2018,681.07
Croatia,HRV,2019,676.12
Cuba,CUB,2000,1914.62
Cuba,CUB,2001,1703.05
Cuba,CUB,2002,1646.78
Cuba,CUB,2003,1544.09
Cuba,CUB,2004,1563.91
Cuba,CUB,2005,1457.73
Cuba,CUB,2006,1430.83
Cuba,CUB,2007,1370.23
Cuba,CUB,2008,1444.69
Cuba,CUB,2009,1540.64
Cuba,CUB,2010,1620.24
Cuba,CUB,2011,1588.34
Cuba,CUB,2012,1553.16
Cuba,CUB,2013,1573.04
Cuba,CUB,2014,1519.41
Cuba,CUB,2015,1589.03
Cuba,CUB,2016,1514.57
Cuba,CUB,2017,1649.36
Cuba,CUB,2018,1615.7
Cuba,CUB,2019,1637.74
Cyprus,CYP,2000,19.02
Cyprus,CYP,2001,20.16
Cyprus,CYP,2002,21.08
Cyprus,CYP,2003,21.95
Cyprus,CYP,2004,8.8
Cyprus,CYP,2005,26.7
Cyprus,CYP,2006,36.47
Cyprus,CYP,2007,33.38
Cyprus,CYP,2008,65.93
Cyprus,CYP,2009,48.91
Cyprus,CYP,2010,58.82
Cyprus,CYP,2011,47.96
Cyprus,CYP,2012,61.22
Cyprus,CYP,2013,65.58
Cyprus,CYP,2014,61.79
Cyprus,CYP,2015,54.54
Cyprus,CYP,2016,54.13
Cyprus,CYP,2017,43.48
Cyprus,CYP,2018,49.53
Cyprus,CYP,2019,43.68
Czechia,CZE,2000,1674.94
Czechia,CZE,2001,1665.04
Czechia,CZE,2002,1574.21
Czechia,CZE,2003,1744.14
Czechia,CZE,2004,1673.74
Czechia,CZE,2005,1620.58
Czechia,CZE,2006,1488.21
Czechia,CZE,2007,1465.58
Czechia,CZE,2008,1476.14
Czechia,CZE,2009,1570.17
Czechia,CZE,2010,1584.62
Czechia,CZE,2011,1697.37
Czechia,CZE,2012,1767.12
Czechia,CZE,2013,1661.03
Czechia,CZE,2014,1569.09
Czechia,CZE,2015,1438.6
Czechia,CZE,2016,1379.8
Czechia,CZE,2017,1482.04
Czechia,CZE,2018,1445.87
Czechia,CZE,2019,1301.67
Democratic Republic of Congo,COD,2000,3697.94
Democratic Republic of Congo,COD,2001,3747.42
Democratic Republic of Congo,COD,2002,3826.57
Democratic Republic of Congo,COD,2003,3979.65
Democratic Republic of Congo,COD,2004,4032.01
Democratic Republic of Congo,COD,2005,4112.54
Democratic Republic of Congo,COD,2006,4193.8
Democratic Republic of Congo,COD,2007,4182.9
Democratic Republic of Congo,COD,2008,4313.95
Democratic Republic of Congo,COD,2009,4529.97
Democratic Republic of Congo,COD,2010,4640.13
Democratic Republic of Congo,COD,2011,4741.24
Democratic Republic of Congo,COD,2012,4784.98
Democratic Republic of Congo,COD,2013,4870.67
Democratic Republic of Congo,COD,2014,4975.4
Democratic Republic of Congo,COD,2015,5037.31
Democratic Republic of Congo,COD,2016,5144.42
Democratic Republic of Congo,COD,2017,5300.27
Democratic Republic of Congo,COD,2018,5649.05
Democratic Republic of Congo,COD,2019,5812.08
Denmark,DNK,2000,834.19
Denmark,DNK,2001,847.56
Denmark,DNK,2002,800.67
Denmark,DNK,2003,734.34
Denmark,DNK,2004,768.63
Denmark,DNK,2005,802.76
Denmark,DNK,2006,801.23
Denmark,DNK,2007,689.94
Denmark,DNK,2008,722.79
Denmark,DNK,2009,711.18
Denmark,DNK,2010,655.32
Denmark,DNK,2011,701.6
Denmark,DNK,2012,718.39
Denmark,DNK,2013,683.71
Denmark,DNK,2014,678.7
Denmark,DNK,2015,621.74
Denmark,DNK,2016,620.86
Denmark,DNK,2017,650.34
Denmark,DNK,2018,653.91
Denmark,DNK,2019,617.34
Djibouti,DJI,2000,51.41
Djibouti,DJI,2001,51.16
Djibouti,DJI,2002,54.22
Djibouti,DJI,2003,56.15
Djibouti,DJI,2004,58.12
Djibouti,DJI,2005,59.21
Djibouti,DJI,2006,59.33
Djibouti,DJI,2007,60.28
Djibouti,DJI,2008,62.04
Djibouti,DJI,2009,64.51
Djibouti,DJI,2010,69.03
Djibouti,DJI,2011,72.34
Djibouti,DJI,2012,75.19
Djibouti,DJI,2013,79.5
Djibouti,DJI,2014,82.5
Djibouti,DJI,2015,82.45
Djibouti,DJI,2016,86.64
Djibouti,DJI,2017,91.57
Djibouti,DJI,2018,93.05
Djibouti,DJI,2019,93.83
Dominican Republic,DOM,2000,333.07
Dominican Republic,DOM,2001,333.12
Dominican Republic,DOM,2002,356.47
Dominican Republic,DOM,2003,393.24
Dominican Republic,DOM,2004,404.17
Dominican Republic,DOM,2005,431.98
Dominican Republic,DOM,2006,436.32
Dominican Republic,DOM,2007,451.28
Dominican Republic,DOM,2008,455.47
Dominican Republic,DOM,2009,467.83
Dominican Republic,DOM,2010,457.25
Dominican Republic,DOM,2011,478.56
Dominican Republic,DOM,2012,516.74
Dominican Republic,DOM,2013,552.14
Dominican Republic,DOM,2014,615.71
Dominican Republic,DOM,2015,654.73
Dominican Republic,DOM,2016,661.58
Dominican Republic,DOM,2017,598
Dominican Republic,DOM,2018,557.3
Dominican Republic,DOM,2019,529.56
East Timor,TLS,2000,31.47
East Timor,TLS,2001,32.53
East Timor,TLS,2002,31.11
East Timor,TLS,2003,32.54
East Timor,TLS,2004,29.65
East Timor,TLS,2005,30.29
East Timor,TLS,2006,27.78
East Timor,TLS,2007,27.12
East Timor,TLS,2008,25.41
East Timor,TLS,2009,33.64
East Timor,TLS,2010,32.39
East Timor,TLS,2011,35.63
East Timor,TLS,2012,37.52
East Timor,TLS,2013,38.33
East Timor,TLS,2014,39.73
East Timor,TLS,2015,42
East Timor,TLS,2016,43.94
East Timor,TLS,2017,44.64
East Timor,TLS,2018,46.22
East Timor,TLS,2019,47.78
Ecuador,ECU,2000,809.29
Ecuador,ECU,2001,890
Ecuador,ECU,2002,1041.53
Ecuador,ECU,2003,1132.4
Ecuador,ECU,2004,1226.91
Ecuador,ECU,2005,1366.19
Ecuador,ECU,2006,1408.99
Ecuador,ECU,2007,1459.26
Ecuador,ECU,2008,1529.24
Ecuador,ECU,2009,1547.75
Ecuador,ECU,2010,1489.16
Ecuador,ECU,2011,1492.29
Ecuador,ECU,2012,1563.42
Ecuador,ECU,2013,1499.8
Ecuador,ECU,2014,1399.87
Ecuador,ECU,2015,1424.43
Ecuador,ECU,2016,1477.02
Ecuador,ECU,2017,1544.89
Ecuador,ECU,2018,1375.78
Ecuador,ECU,2019,1326.27
Egypt,EGY,2000,2101.47
Egypt,EGY,2001,2219.3
Egypt,EGY,2002,2262.96
Egypt,EGY,2003,2292.93
Egypt,EGY,2004,2320.15
Egypt,EGY,2005,2332.68
Egypt,EGY,2006,2367.81
Egypt,EGY,2007,2398.64
Egypt,EGY,2008,2456.75
Egypt,EGY,2009,2545.38
Egypt,EGY,2010,2658.93
Egypt,EGY,2011,2797.68
Egypt,EGY,2012,2966.97
Egypt,EGY,2013,2999.66
Egypt,EGY,2014,2972.5
Egypt,EGY,2015,3027.63
Egypt,EGY,2016,3026.05
Egypt,EGY,2017,2873.7
Egypt,EGY,2018,2913.23
Egypt,EGY,2019,3021.95
El Salvador,SLV,2000,362.28
El Salvador,SLV,2001,400.34
El Salvador,SLV,2002,315.68
El Salvador,SLV,2003,391.12
El Salvador,SLV,2004,409.12
El Salvador,SLV,2005,469.39
El Salvador,SLV,2006,402.88
El Salvador,SLV,2007,483.31
El Salvador,SLV,2008,419.07
El Salvador,SLV,2009,527.02
El Salvador,SLV,2010,378.29
El Salvador,SLV,2011,498.5
El Salvador,SLV,2012,420.77
El Salvador,SLV,2013,400.49
El Salvador,SLV,2014,362.85
El Salvador,SLV,2015,439.15
El Salvador,SLV,2016,363.34
El Salvador,SLV,2017,391.24
El Salvador,SLV,2018,387.03
El Salvador,SLV,2019,390.52
Equatorial Guinea,GNQ,2000,76.64
Equatorial Guinea,GNQ,2001,71.98
Equatorial Guinea,GNQ,2002,66.28
Equatorial Guinea,GNQ,2003,66.9
Equatorial Guinea,GNQ,2004,66.59
Equatorial Guinea,GNQ,2005,66.69
Equatorial Guinea,GNQ,2006,72.18
Equatorial Guinea,GNQ,2007,74.23
Equatorial Guinea,GNQ,2008,75.82
Equatorial Guinea,GNQ,2009,80.17
Equatorial Guinea,GNQ,2010,94.68
Equatorial Guinea,GNQ,2011,110.07
Equatorial Guinea,GNQ,2012,103.63
Equatorial Guinea,GNQ,2013,90.83
Equatorial Guinea,GNQ,2014,99.1
Equatorial Guinea,GNQ,2015,114.28
Equatorial Guinea,GNQ,2016,112.86
Equatorial Guinea,GNQ,2017,98.34
Equatorial Guinea,GNQ,2018,108.47
Equatorial Guinea,GNQ,2019,107.14
Eritrea,ERI,2000,331.4
Eritrea,ERI,2001,331.42
Eritrea,ERI,2002,340.47
Eritrea,ERI,2003,333.91
Eritrea,ERI,2004,352.95
Eritrea,ERI,2005,369.05
Eritrea,ERI,2006,385.16
Eritrea,ERI,2007,387.66
Eritrea,ERI,2008,406.48
Eritrea,ERI,2009,404.81
Eritrea,ERI,2010,403.75
Eritrea,ERI,2011,402.33
Eritrea,ERI,2012,398.76
Eritrea,ERI,2013,392.95
Eritrea,ERI,2014,388.93
Eritrea,ERI,2015,389.35
Eritrea,ERI,2016,387.24
Eritrea,ERI,2017,386.78
Eritrea,ERI,2018,389.54
Eritrea,ERI,2019,381.7
Estonia,EST,2000,406.98
Estonia,EST,2001,421.57
Estonia,EST,2002,405.61
Estonia,EST,2003,361.71
Estonia,EST,2004,362.02
Estonia,EST,2005,306.82
Estonia,EST,2006,281.45
Estonia,EST,2007,287.29
Estonia,EST,2008,260.5
Estonia,EST,2009,311.44
Estonia,EST,2010,250.32
Estonia,EST,2011,242.11
Estonia,EST,2012,279.05
Estonia,EST,2013,249.74
Estonia,EST,2014,257.27
Estonia,EST,2015,208.99
Estonia,EST,2016,207.09
Estonia,EST,2017,247.3
Estonia,EST,2018,202.97
Estonia,EST,2019,197.4
Eswatini,SWZ,2000,286.03
Eswatini,SWZ,2001,326.34
Eswatini,SWZ,2002,379.24
Eswatini,SWZ,2003,414.63
Eswatini,SWZ,2004,435.3
Eswatini,SWZ,2005,452.41
Eswatini,SWZ,2006,489.91
Eswatini,SWZ,2007,561.87
Eswatini,SWZ,2008,577.14
Eswatini,SWZ,2009,573.57
Eswatini,SWZ,2010,536.53
Eswatini,SWZ,2011,504.37
Eswatini,SWZ,2012,513.42
Eswatini,SWZ,2013,485.04
Eswatini,SWZ,2014,429.77
Eswatini,SWZ,2015,387.16
Eswatini,SWZ,2016,365.89
Eswatini,SWZ,2017,342.41
Eswatini,SWZ,2018,324.29
Eswatini,SWZ,2019,337.55
Ethiopia,ETH,2000,6407.49
Ethiopia,ETH,2001,6302.17
Ethiopia,ETH,2002,6248.03
Ethiopia,ETH,2003,6190.97
Ethiopia,ETH,2004,6151.92
Ethiopia,ETH,2005,6162.24
Ethiopia,ETH,2006,6154.76
Ethiopia,ETH,2007,6235.49
Ethiopia,ETH,2008,6335.03
Ethiopia,ETH,2009,6265.05
Ethiopia,ETH,2010,6181.04
Ethiopia,ETH,2011,6012.24
Ethiopia,ETH,2012,5675.11
Ethiopia,ETH,2013,5396.55
Ethiopia,ETH,2014,5395.06
Ethiopia,ETH,2015,5562.64
Ethiopia,ETH,2016,5643.56
Ethiopia,ETH,2017,5743.78
Ethiopia,ETH,2018,5885.89
Ethiopia,ETH,2019,6030.25
Europe,,2000,176120.3
Europe,,2001,171233.16
Europe,,2002,170719.16
Europe,,2003,167829.9
Europe,,2004,163778.9
Europe,,2005,161805.39
Europe,,2006,150762.66
Europe,,2007,143617.73
Europe,,2008,144280.38
Europe,,2009,140498.22
Europe,,2010,138267.19
Europe,,2011,134562.56
Europe,,2012,132782.6
Europe,,2013,131145.6
Europe,,2014,130309.76
Europe,,2015,125057.875
Europe,,2016,120366.375
Europe,,2017,114403.04
Europe,,2018,113288.88
Europe,,2019,108206.07
Fiji,FJI,2000,85.73
Fiji,FJI,2001,84.81
Fiji,FJI,2002,82.66
Fiji,FJI,2003,79.09
Fiji,FJI,2004,76.59
Fiji,FJI,2005,78.35
Fiji,FJI,2006,76.39
Fiji,FJI,2007,78.91
Fiji,FJI,2008,81.17
Fiji,FJI,2009,82.42
Fiji,FJI,2010,82.88
Fiji,FJI,2011,84.95
Fiji,FJI,2012,86.5
Fiji,FJI,2013,86.42
Fiji,FJI,2014,83.97
Fiji,FJI,2015,81.54
Fiji,FJI,2016,82.16
Fiji,FJI,2017,81.67
Fiji,FJI,2018,80.75
Fiji,FJI,2019,79.74
Finland,FIN,2000,1260.18
Finland,FIN,2001,1254.67
Finland,FIN,2002,1148.81
Finland,FIN,2003,1135.51
Finland,FIN,2004,1113.74
Finland,FIN,2005,1047.63
Finland,FIN,2006,1110.07
Finland,FIN,2007,1043.02
Finland,FIN,2008,1094.49
Finland,FIN,2009,1089.95
Finland,FIN,2010,996.54
Finland,FIN,2011,967.17
Finland,FIN,2012,917.96
Finland,FIN,2013,936.81
Finland,FIN,2014,842.95
Finland,FIN,2015,769.09
Finland,FIN,2016,837.97
Finland,FIN,2017,877.74
Finland,FIN,2018,893.07
Finland,FIN,2019,846.12
France,FRA,2000,11914.27
France,FRA,2001,11554.15
France,FRA,2002,11847.67
France,FRA,2003,12111.88
France,FRA,2004,11818.26
France,FRA,2005,11688.63
France,FRA,2006,11353.96
France,FRA,2007,11103.05
France,FRA,2008,11350.69
France,FRA,2009,11519.84
France,FRA,2010,11469.28
France,FRA,2011,11388.89
France,FRA,2012,11302.72
France,FRA,2013,10842.28
France,FRA,2014,10034.95
France,FRA,2015,10208.3
France,FRA,2016,9627.35
France,FRA,2017,9479.82
France,FRA,2018,9236.72
France,FRA,2019,8960.91
Gabon,GAB,2000,159.09
Gabon,GAB,2001,153.67
Gabon,GAB,2002,144.92
Gabon,GAB,2003,145.41
Gabon,GAB,2004,136.51
Gabon,GAB,2005,142.34
Gabon,GAB,2006,151.97
Gabon,GAB,2007,153.4
Gabon,GAB,2008,171.13
Gabon,GAB,2009,160.1
Gabon,GAB,2010,164.03
Gabon,GAB,2011,169.28
Gabon,GAB,2012,156.17
Gabon,GAB,2013,157.03
Gabon,GAB,2014,184.3
Gabon,GAB,2015,187.77
Gabon,GAB,2016,184.8
Gabon,GAB,2017,181.51
Gabon,GAB,2018,183.04
Gabon,GAB,2019,182.63
Gambia,GMB,2000,73.25
Gambia,GMB,2001,77.08
Gambia,GMB,2002,80.72
Gambia,GMB,2003,84.02
Gambia,GMB,2004,88.26
Gambia,GMB,2005,89.33
Gambia,GMB,2006,91.11
Gambia,GMB,2007,92.73
Gambia,GMB,2008,94.86
Gambia,GMB,2009,94.82
Gambia,GMB,2010,94.98
Gambia,GMB,2011,99.92
Gambia,GMB,2012,101.03
Gambia,GMB,2013,103.4
Gambia,GMB,2014,106.26
Gambia,GMB,2015,105.72
Gambia,GMB,2016,105.38
Gambia,GMB,2017,108.77
Gambia,GMB,2018,108.98
Gambia,GMB,2019,112.64
Georgia,GEO,2000,322.39
Georgia,GEO,2001,294.79
Georgia,GEO,2002,350.75
Georgia,GEO,2003,280.41
Georgia,GEO,2004,313.89
Georgia,GEO,2005,260.49
Georgia,GEO,2006,257.49
Georgia,GEO,2007,252.81
Georgia,GEO,2008,309.75
Georgia,GEO,2009,348.21
Georgia,GEO,2010,339.53
Georgia,GEO,2011,353.16
Georgia,GEO,2012,371.87
Georgia,GEO,2013,394.99
Georgia,GEO,2014,415.12
Georgia,GEO,2015,423.76
Georgia,GEO,2016,429.53
Georgia,GEO,2017,386.17
Georgia,GEO,2018,374.49
Georgia,GEO,2019,366.9
Germany,DEU,2000,11776.56
Germany,DEU,2001,11819.13
Germany,DEU,2002,11863.4
Germany,DEU,2003,11745.38
Germany,DEU,2004,11428.54
Germany,DEU,2005,10856.45
Germany,DEU,2006,10403.22
Germany,DEU,2007,10042.29
Germany,DEU,2008,10150.75
Germany,DEU,2009,10320.94
Germany,DEU,2010,10700.72
Germany,DEU,2011,10688.68
Germany,DEU,2012,10422.46
Germany,DEU,2013,10892.92
Germany,DEU,2014,10894.29
Germany,DEU,2015,10850.45
Germany,DEU,2016,10704.72
Germany,DEU,2017,10395.47
Germany,DEU,2018,10708.89
Germany,DEU,2019,10284.22
Ghana,GHA,2000,1034.24
Ghana,GHA,2001,1142.05
Ghana,GHA,2002,1225.89
Ghana,GHA,2003,1318.94
Ghana,GHA,2004,1412.39
Ghana,GHA,2005,1494.69
Ghana,GHA,2006,1576.28
Ghana,GHA,2007,1653.71
Ghana,GHA,2008,1767.46
Ghana,GHA,2009,1844.98
Ghana,GHA,2010,1939.38
Ghana,GHA,2011,1980.71
Ghana,GHA,2012,2025.56
Ghana,GHA,2013,2056.75
Ghana,GHA,2014,2048.78
Ghana,GHA,2015,2036.48
Ghana,GHA,2016,2049.58
Ghana,GHA,2017,2026.35
Ghana,GHA,2018,1977.51
Ghana,GHA,2019,1993.22
Greece,GRC,2000,382.63
Greece,GRC,2001,340.02
Greece,GRC,2002,325.77
Greece,GRC,2003,371.62
Greece,GRC,2004,351.91
Greece,GRC,2005,409.29
Greece,GRC,2006,408.05
Greece,GRC,2007,331.98
Greece,GRC,2008,371.85
Greece,GRC,2009,393.43
Greece,GRC,2010,379.12
Greece,GRC,2011,473.06
Greece,GRC,2012,513.99
Greece,GRC,2013,538.49
Greece,GRC,2014,570.62
Greece,GRC,2015,536.85
Greece,GRC,2016,496.13
Greece,GRC,2017,539.9
Greece,GRC,2018,532.02
Greece,GRC,2019,532.65
Grenada,GRD,2000,1.97
Grenada,GRD,2001,0.38
Grenada,GRD,2002,3.36
Grenada,GRD,2003,2.48
Grenada,GRD,2004,4.82
Grenada,GRD,2005,3.26
Grenada,GRD,2006,5.35
Grenada,GRD,2007,2.05
Grenada,GRD,2008,2.54
Grenada,GRD,2009,0.79
Grenada,GRD,2010,1
Grenada,GRD,2011,1.81
Grenada,GRD,2012,1.84
Grenada,GRD,2013,1.29
Grenada,GRD,2014,0.62
Grenada,GRD,2015,0.77
Grenada,GRD,2016,1.07
Grenada,GRD,2017,0.71
Grenada,GRD,2018,0.33
Grenada,GRD,2019,0.73
Guatemala,GTM,2000,1192.84
Guatemala,GTM,2001,1280.38
Guatemala,GTM,2002,1287.27
Guatemala,GTM,2003,1349.62
Guatemala,GTM,2004,1401.54
Guatemala,GTM,2005,1487.89
Guatemala,GTM,2006,1439.89
Guatemala,GTM,2007,1133.9
Guatemala,GTM,2008,1122.85
Guatemala,GTM,2009,1128.49
Guatemala,GTM,2010,1066.69
Guatemala,GTM,2011,982.44
Guatemala,GTM,2012,930.3
Guatemala,GTM,2013,918.95
Guatemala,GTM,2014,916.46
Guatemala,GTM,2015,946.76
Guatemala,GTM,2016,946.85
Guatemala,GTM,2017,949.96
Guatemala,GTM,2018,1026.82
Guatemala,GTM,2019,1039.45
Guinea,GIN,2000,445.44
Guinea,GIN,2001,456.83
Guinea,GIN,2002,478.55
Guinea,GIN,2003,490.02
Guinea,GIN,2004,506.27
Guinea,GIN,2005,509.92
Guinea,GIN,2006,554.77
Guinea,GIN,2007,599.03
Guinea,GIN,2008,617.51
Guinea,GIN,2009,638.19
Guinea,GIN,2010,689.98
Guinea,GIN,2011,729.11
Guinea,GIN,2012,753.01
Guinea,GIN,2013,792.57
Guinea,GIN,2014,795.38
Guinea,GIN,2015,819.66
Guinea,GIN,2016,832.84
Guinea,GIN,2017,839.5
Guinea,GIN,2018,851.51
Guinea,GIN,2019,891.88
Guinea-Bissau,GNB,2000,114.57
Guinea-Bissau,GNB,2001,114.35
Guinea-Bissau,GNB,2002,113.63
Guinea-Bissau,GNB,2003,112.98
Guinea-Bissau,GNB,2004,115.22
Guinea-Bissau,GNB,2005,113.43
Guinea-Bissau,GNB,2006,115.44
Guinea-Bissau,GNB,2007,118.54
Guinea-Bissau,GNB,2008,121.99
Guinea-Bissau,GNB,2009,126.27
Guinea-Bissau,GNB,2010,127.24
Guinea-Bissau,GNB,2011,127.75
Guinea-Bissau,GNB,2012,128.07
Guinea-Bissau,GNB,2013,132.78
Guinea-Bissau,GNB,2014,131.18
Guinea-Bissau,GNB,2015,125.89
Guinea-Bissau,GNB,2016,130.23
Guinea-Bissau,GNB,2017,133.42
Guinea-Bissau,GNB,2018,135.32
Guinea-Bissau,GNB,2019,133.98
Guyana,GUY,2000,234.12
Guyana,GUY,2001,258.53
Guyana,GUY,2002,256.59
Guyana,GUY,2003,247.45
Guyana,GUY,2004,242.71
Guyana,GUY,2005,230.61
Guyana,GUY,2006,228.92
Guyana,GUY,2007,230.71
Guyana,GUY,2008,223.87
Guyana,GUY,2009,245.64
Guyana,GUY,2010,249.67
Guyana,GUY,2011,245.07
Guyana,GUY,2012,264.7
Guyana,GUY,2013,290.33
Guyana,GUY,2014,284.07
Guyana,GUY,2015,286.46
Guyana,GUY,2016,292.34
Guyana,GUY,2017,298.16
Guyana,GUY,2018,307.4
Guyana,GUY,2019,315.34
Haiti,HTI,2000,823.54
Haiti,HTI,2001,815.86
Haiti,HTI,2002,815.63
Haiti,HTI,2003,827.26
Haiti,HTI,2004,815.2
Haiti,HTI,2005,866.36
Haiti,HTI,2006,896.06
Haiti,HTI,2007,950.6
Haiti,HTI,2008,970.74
Haiti,HTI,2009,1008
Haiti,HTI,2010,1088.15
Haiti,HTI,2011,1023.08
Haiti,HTI,2012,1021.68
Haiti,HTI,2013,1032.56
Haiti,HTI,2014,1052.48
Haiti,HTI,2015,1073.54
Haiti,HTI,2016,1064.65
Haiti,HTI,2017,1067.47
Haiti,HTI,2018,1082.58
Haiti,HTI,2019,1085.34
Honduras,HND,2000,137.49
Honduras,HND,2001,141.54
Honduras,HND,2002,147.35
Honduras,HND,2003,153.42
Honduras,HND,2004,155.44
Honduras,HND,2005,160.49
Honduras,HND,2006,164.65
Honduras,HND,2007,167.15
Honduras,HND,2008,166.99
Honduras,HND,2009,163.84
Honduras,HND,2010,163.72
Honduras,HND,2011,161.78
Honduras,HND,2012,281.14
Honduras,HND,2013,284.43
Honduras,HND,2014,307.97
Honduras,HND,2015,365.97
Honduras,HND,2016,185.56
Honduras,HND,2017,195.27
Honduras,HND,2018,195.83
Honduras,HND,2019,200.79
Hungary,HUN,2000,3410.7
Hungary,HUN,2001,3042.14
Hungary,HUN,2002,2906.32
Hungary,HUN,2003,2841.09
Hungary,HUN,2004,2780.29
Hungary,HUN,2005,2661.19
Hungary,HUN,2006,2508.78
Hungary,HUN,2007,2504.59
Hungary,HUN,2008,2537.1
Hungary,HUN,2009,2525.58
Hungary,HUN,2010,2533.45
Hungary,HUN,2011,2487.69
Hungary,HUN,2012,2446.37
Hungary,HUN,2013,2173.01
Hungary,HUN,2014,2004.61
Hungary,HUN,2015,1949.96
Hungary,HUN,2016,1825.36
Hungary,HUN,2017,1698.63
Hungary,HUN,2018,1721.22
Hungary,HUN,2019,1612.34
Iceland,ISL,2000,36.69
Iceland,ISL,2001,36.15
Iceland,ISL,2002,34.88
Iceland,ISL,2003,35.87
Iceland,ISL,2004,36.06
Iceland,ISL,2005,34.95
Iceland,ISL,2006,37.35
Iceland,ISL,2007,45.16
Iceland,ISL,2008,46.11
Iceland,ISL,2009,45.13
Iceland,ISL,2010,40.86
Iceland,ISL,2011,37.5
Iceland,ISL,2012,43.95
Iceland,ISL,2013,45.34
Iceland,ISL,2014,51.71
Iceland,ISL,2015,47.08
Iceland,ISL,2016,43.1
Iceland,ISL,2017,40.77
Iceland,ISL,2018,36.39
Iceland,ISL,2019,40.24
India,IND,2000,179595.3
India,IND,2001,178430.9
India,IND,2002,176232.4
India,IND,2003,170599.1
India,IND,2004,171268.7
India,IND,2005,177313.3
India,IND,2006,182075.5
India,IND,2007,180663.7
India,IND,2008,180744
India,IND,2009,176880.4
India,IND,2010,180724.3
India,IND,2011,183283.7
India,IND,2012,180717.2
India,IND,2013,175413.7
India,IND,2014,165662
India,IND,2015,160775.4
India,IND,2016,159626.3
India,IND,2017,161154.3
India,IND,2018,169773.9
India,IND,2019,173347.3
Indonesia,IDN,2000,7310.96
Indonesia,IDN,2001,7259.69
Indonesia,IDN,2002,7211.34
Indonesia,IDN,2003,7130.66
Indonesia,IDN,2004,7046.88
Indonesia,IDN,2005,6801.63
Indonesia,IDN,2006,6658.09
Indonesia,IDN,2007,6625.06
Indonesia,IDN,2008,6530.45
Indonesia,IDN,2009,6440.83
Indonesia,IDN,2010,6381.46
Indonesia,IDN,2011,6346.36
Indonesia,IDN,2012,6254.29
Indonesia,IDN,2013,6188.93
Indonesia,IDN,2014,6125.35
Indonesia,IDN,2015,6095.64
Indonesia,IDN,2016,6255.56
Indonesia,IDN,2017,6366.66
Indonesia,IDN,2018,6440.17
Indonesia,IDN,2019,6543.57
Iran,IRN,2000,5247.62
Iran,IRN,2001,5158.4
Iran,IRN,2002,5061.04
Iran,IRN,2003,4744.33
Iran,IRN,2004,4640.13
Iran,IRN,2005,4356.9
Iran,IRN,2006,4223.01
Iran,IRN,2007,4595.43
Iran,IRN,2008,4460.45
Iran,IRN,2009,4510.97
Iran,IRN,2010,4656.61
Iran,IRN,2011,5039.8
Iran,IRN,2012,5088.38
Iran,IRN,2013,5053.21
Iran,IRN,2014,5023.1
Iran,IRN,2015,4956.82
Iran,IRN,2016,4945.28
Iran,IRN,2017,4867.05
Iran,IRN,2018,4636.3
Iran,IRN,2019,4333.89
Iraq,IRQ,2000,888.02
Iraq,IRQ,2001,908.42
Iraq,IRQ,2002,935.64
Iraq,IRQ,2003,976.1
Iraq,IRQ,2004,991.9
Iraq,IRQ,2005,1016.16
Iraq,IRQ,2006,1055.05
Iraq,IRQ,2007,1031.11
Iraq,IRQ,2008,1009.79
Iraq,IRQ,2009,1083.04
Iraq,IRQ,2010,1155.69
Iraq,IRQ,2011,1245.4
Iraq,IRQ,2012,1312.77
Iraq,IRQ,2013,1402.43
Iraq,IRQ,2014,1409.24
Iraq,IRQ,2015,1449.46
Iraq,IRQ,2016,1479.11
Iraq,IRQ,2017,1478.89
Iraq,IRQ,2018,1431.82
Iraq,IRQ,2019,1417.74
Ireland,IRL,2000,480.31
Ireland,IRL,2001,506.66
Ireland,IRL,2002,477.63
Ireland,IRL,2003,481.19
Ireland,IRL,2004,484.55
Ireland,IRL,2005,490.08
Ireland,IRL,2006,462.07
Ireland,IRL,2007,495.41
Ireland,IRL,2008,539.6
Ireland,IRL,2009,630.63
Ireland,IRL,2010,543.45
Ireland,IRL,2011,574.04
Ireland,IRL,2012,570.13
Ireland,IRL,2013,524.69
Ireland,IRL,2014,507.88
Ireland,IRL,2015,432.92
Ireland,IRL,2016,470.36
Ireland,IRL,2017,475.43
Ireland,IRL,2018,475.13
Ireland,IRL,2019,469.92
Israel,ISR,2000,401.99
Israel,ISR,2001,385.94
Israel,ISR,2002,361.62
Israel,ISR,2003,401.61
Israel,ISR,2004,392.06
Israel,ISR,2005,439.69
Israel,ISR,2006,365.42
Israel,ISR,2007,353.01
Israel,ISR,2008,369.96
Israel,ISR,2009,427.69
Israel,ISR,2010,489.62
Israel,ISR,2011,423.23
Israel,ISR,2012,462.26
Israel,ISR,2013,402.18
Israel,ISR,2014,402.77
Israel,ISR,2015,362.49
Israel,ISR,2016,421.6
Israel,ISR,2017,423.59
Israel,ISR,2018,452.28
Israel,ISR,2019,453.5
Italy,ITA,2000,4271.58
Italy,ITA,2001,4174.74
Italy,ITA,2002,4228.55
Italy,ITA,2003,4231.2
Italy,ITA,2004,4142.04
Italy,ITA,2005,3906.25
Italy,ITA,2006,3904.59
Italy,ITA,2007,3905.08
Italy,ITA,2008,4040.84
Italy,ITA,2009,4123.6
Italy,ITA,2010,4084.44
Italy,ITA,2011,4378.82
Italy,ITA,2012,4537.75
Italy,ITA,2013,4532.85
Italy,ITA,2014,4372.26
Italy,ITA,2015,4317.45
Italy,ITA,2016,3983.68
Italy,ITA,2017,4277.97
Italy,ITA,2018,4087.25
Italy,ITA,2019,4041.85
Jamaica,JAM,2000,50.18
Jamaica,JAM,2001,49.45
Jamaica,JAM,2002,48.41
Jamaica,JAM,2003,46.88
Jamaica,JAM,2004,43.44
Jamaica,JAM,2005,40.92
Jamaica,JAM,2006,42.21
Jamaica,JAM,2007,48.57
Jamaica,JAM,2008,61.06
Jamaica,JAM,2009,64.69
Jamaica,JAM,2010,54.22
Jamaica,JAM,2011,63.35
Jamaica,JAM,2012,59.01
Jamaica,JAM,2013,57.55
Jamaica,JAM,2014,63.14
Jamaica,JAM,2015,63.63
Jamaica,JAM,2016,64.72
Jamaica,JAM,2017,65.6
Jamaica,JAM,2018,67.2
Jamaica,JAM,2019,70.14
Japan,JPN,2000,30480.75
Japan,JPN,2001,29622.88
Japan,JPN,2002,30446.1
Japan,JPN,2003,32724.57
Japan,JPN,2004,30889.69
Japan,JPN,2005,31231.73
Japan,JPN,2006,30682.72
Japan,JPN,2007,32082.16
Japan,JPN,2008,31374.02
Japan,JPN,2009,32045.26
Japan,JPN,2010,30994.34
Japan,JPN,2011,30011.9
Japan,JPN,2012,27780.59
Japan,JPN,2013,27424.45
Japan,JPN,2014,25727.89
Japan,JPN,2015,24488.12
Japan,JPN,2016,22341.8
Japan,JPN,2017,21691.42
Japan,JPN,2018,21262
Japan,JPN,2019,19466.1
Jordan,JOR,2000,129.34
Jordan,JOR,2001,127.56
Jordan,JOR,2002,123.24
Jordan,JOR,2003,126.66
Jordan,JOR,2004,124.17
Jordan,JOR,2005,115.92
Jordan,JOR,2006,111.22
Jordan,JOR,2007,108.96
Jordan,JOR,2008,109.52
Jordan,JOR,2009,108.58
Jordan,JOR,2010,110.68
Jordan,JOR,2011,115.39
Jordan,JOR,2012,121.35
Jordan,JOR,2013,124.5
Jordan,JOR,2014,129.43
Jordan,JOR,2015,135.28
Jordan,JOR,2016,141.57
Jordan,JOR,2017,147.21
Jordan,JOR,2018,157.4
Jordan,JOR,2019,165.24
Kazakhstan,KAZ,2000,5775.95
Kazakhstan,KAZ,2001,5815.84
Kazakhstan,KAZ,2002,5721.41
Kazakhstan,KAZ,2003,5916.02
Kazakhstan,KAZ,2004,6061.19
Kazakhstan,KAZ,2005,6044.55
Kazakhstan,KAZ,2006,5903.09
Kazakhstan,KAZ,2007,5973.48
Kazakhstan,KAZ,2008,5485.93
Kazakhstan,KAZ,2009,4854.05
Kazakhstan,KAZ,2010,4865.81
Kazakhstan,KAZ,2011,4737.16
Kazakhstan,KAZ,2012,4625.75
Kazakhstan,KAZ,2013,4483
Kazakhstan,KAZ,2014,4184.94
Kazakhstan,KAZ,2015,4084.56
Kazakhstan,KAZ,2016,3875.56
Kazakhstan,KAZ,2017,3761.94
Kazakhstan,KAZ,2018,3473.4
Kazakhstan,KAZ,2019,3258.72
Kenya,KEN,2000,2427.05
Kenya,KEN,2001,2272.14
Kenya,KEN,2002,2171
Kenya,KEN,2003,2106.34
Kenya,KEN,2004,2012.6
Kenya,KEN,2005,2213.9
Kenya,KEN,2006,2265.45
Kenya,KEN,2007,2444.32
Kenya,KEN,2008,2477.42
Kenya,KEN,2009,2457.21
Kenya,KEN,2010,2501.06
Kenya,KEN,2011,2540.9
Kenya,KEN,2012,2608.93
Kenya,KEN,2013,2680.52
Kenya,KEN,2014,2646.77
Kenya,KEN,2015,2612.53
Kenya,KEN,2016,2665.67
Kenya,KEN,2017,2812.99
Kenya,KEN,2018,3082.94
Kenya,KEN,2019,3214.34
Kiribati,KIR,2000,26.35
Kiribati,KIR,2001,26.73
Kiribati,KIR,2002,26.96
Kiribati,KIR,2003,26.08
Kiribati,KIR,2004,26.5
Kiribati,KIR,2005,27.78
Kiribati,KIR,2006,27.7
Kiribati,KIR,2007,29.83
Kiribati,KIR,2008,31.1
Kiribati,KIR,2009,31.23
Kiribati,KIR,2010,31.6
Kiribati,KIR,2011,32.27
Kiribati,KIR,2012,31.9
Kiribati,KIR,2013,32.85
Kiribati,KIR,2014,32.56
Kiribati,KIR,2015,32.98
Kiribati,KIR,2016,33.21
Kiribati,KIR,2017,33.75
Kiribati,KIR,2018,32.53
Kiribati,KIR,2019,33.27
Kuwait,KWT,2000,60.91
Kuwait,KWT,2001,54.88
Kuwait,KWT,2002,59.52
Kuwait,KWT,2003,56.01
Kuwait,KWT,2004,58.5
Kuwait,KWT,2005,59.93
Kuwait,KWT,2006,63.41
Kuwait,KWT,2007,64.25
Kuwait,KWT,2008,77.02
Kuwait,KWT,2009,75.32
Kuwait,KWT,2010,73.48
Kuwait,KWT,2011,72.45
Kuwait,KWT,2012,79.56
Kuwait,KWT,2013,85.47
Kuwait,KWT,2014,92.35
Kuwait,KWT,2015,98.08
Kuwait,KWT,2016,103.94
Kuwait,KWT,2017,109.8
Kuwait,KWT,2018,115.67
Kuwait,KWT,2019,122.35
Kyrgyzstan,KGZ,2000,727.68
Kyrgyzstan,KGZ,2001,698.59
Kyrgyzstan,KGZ,2002,700.36
Kyrgyzstan,KGZ,2003,663.99
Kyrgyzstan,KGZ,2004,634.33
Kyrgyzstan,KGZ,2005,669.25
Kyrgyzstan,KGZ,2006,673.76
Kyrgyzstan,KGZ,2007,655.18
Kyrgyzstan,KGZ,2008,644.08
Kyrgyzstan,KGZ,2009,635.38
Kyrgyzstan,KGZ,2010,617.12
Kyrgyzstan,KGZ,2011,622.01
Kyrgyzstan,KGZ,2012,614.05
Kyrgyzstan,KGZ,2013,599.45
Kyrgyzstan,KGZ,2014,612.17
Kyrgyzstan,KGZ,2015,589.55
Kyrgyzstan,KGZ,2016,523.4
Kyrgyzstan,KGZ,2017,511.57
Kyrgyzstan,KGZ,2018,504.04
Kyrgyzstan,KGZ,2019,473.87
Laos,LAO,2000,364.52
Laos,LAO,2001,372.75
Laos,LAO,2002,366.61
Laos,LAO,2003,364.45
Laos,LAO,2004,366.67
Laos,LAO,2005,374.62
Laos,LAO,2006,376.14
Laos,LAO,2007,375.09
Laos,LAO,2008,378.22
Laos,LAO,2009,376.79
Laos,LAO,2010,375.07
Laos,LAO,2011,375.89
Laos,LAO,2012,366.58
Laos,LAO,2013,370.63
Laos,LAO,2014,366.92
Laos,LAO,2015,376.69
Laos,LAO,2016,382.69
Laos,LAO,2017,391.63
Laos,LAO,2018,397.2
Laos,LAO,2019,389.61
Latvia,LVA,2000,827.57
Latvia,LVA,2001,759
Latvia,LVA,2002,735.29
Latvia,LVA,2003,669.93
Latvia,LVA,2004,609.63
Latvia,LVA,2005,597.54
Latvia,LVA,2006,515.64
Latvia,LVA,2007,459.3
Latvia,LVA,2008,573.08
Latvia,LVA,2009,564.85
Latvia,LVA,2010,476.61
Latvia,LVA,2011,474.85
Latvia,LVA,2012,486.77
Latvia,LVA,2013,421.57
Latvia,LVA,2014,419.2
Latvia,LVA,2015,431.43
Latvia,LVA,2016,419.84
Latvia,LVA,2017,418.5
Latvia,LVA,2018,348.76
Latvia,LVA,2019,383.73
Lebanon,LBN,2000,107.19
Lebanon,LBN,2001,107.6
Lebanon,LBN,2002,111.19
Lebanon,LBN,2003,115.69
Lebanon,LBN,2004,121.37
Lebanon,LBN,2005,125.99
Lebanon,LBN,2006,117.62
Lebanon,LBN,2007,135.86
Lebanon,LBN,2008,138.69
Lebanon,LBN,2009,143.19
Lebanon,LBN,2010,148.84
Lebanon,LBN,2011,157.27
Lebanon,LBN,2012,163.29
Lebanon,LBN,2013,174.49
Lebanon,LBN,2014,172.51
Lebanon,LBN,2015,182.32
Lebanon,LBN,2016,182.01
Lebanon,LBN,2017,201.94
Lebanon,LBN,2018,172.04
Lebanon,LBN,2019,190.07
Lesotho,LSO,2000,580.51
Lesotho,LSO,2001,556.72
Lesotho,LSO,2002,591.98
Lesotho,LSO,2003,644.79
Lesotho,LSO,2004,671.68
Lesotho,LSO,2005,671.11
Lesotho,LSO,2006,801.31
Lesotho,LSO,2007,893.34
Lesotho,LSO,2008,1147.89
Lesotho,LSO,2009,1259.07
Lesotho,LSO,2010,1305.78
Lesotho,LSO,2011,1393.23
Lesotho,LSO,2012,1594.02
Lesotho,LSO,2013,1777.78
Lesotho,LSO,2014,1893.08
Lesotho,LSO,2015,1902.57
Lesotho,LSO,2016,1805.23
Lesotho,LSO,2017,1638.01
Lesotho,LSO,2018,1614.27
Lesotho,LSO,2019,1539.45
Liberia,LBR,2000,144.49
Liberia,LBR,2001,141.1
Liberia,LBR,2002,144.64
Liberia,LBR,2003,146.6
Liberia,LBR,2004,150.24
Liberia,LBR,2005,149.98
Liberia,LBR,2006,157.98
Liberia,LBR,2007,169.13
Liberia,LBR,2008,174.12
Liberia,LBR,2009,180.81
Liberia,LBR,2010,190.49
Liberia,LBR,2011,200.69
Liberia,LBR,2012,206.18
Liberia,LBR,2013,208.41
Liberia,LBR,2014,214.07
Liberia,LBR,2015,200.64
Liberia,LBR,2016,205.44
Liberia,LBR,2017,209.94
Liberia,LBR,2018,213.07
Liberia,LBR,2019,219.57
Libya,LBY,2000,261.46
Libya,LBY,2001,274.79
Libya,LBY,2002,287.8
Libya,LBY,2003,289.04
Libya,LBY,2004,252.24
Libya,LBY,2005,250.9
Libya,LBY,2006,248.8
Libya,LBY,2007,292.48
Libya,LBY,2008,325.12
Libya,LBY,2009,351.56
Libya,LBY,2010,345.65
Libya,LBY,2011,315.2
Libya,LBY,2012,358.95
Libya,LBY,2013,303.65
Libya,LBY,2014,397.96
Libya,LBY,2015,356.72
Libya,LBY,2016,321.67
Libya,LBY,2017,363.74
Libya,LBY,2018,384.64
Libya,LBY,2019,303.54
Lithuania,LTU,2000,1754.3
Lithuania,LTU,2001,1635.5
Lithuania,LTU,2002,1619.54
Lithuania,LTU,2003,1549.28
Lithuania,LTU,2004,1462.91
Lithuania,LTU,2005,1428.78
Lithuania,LTU,2006,1164.23
Lithuania,LTU,2007,1124.72
Lithuania,LTU,2008,1215.95
Lithuania,LTU,2009,1240.28
Lithuania,LTU,2010,1163.38
Lithuania,LTU,2011,1173.99
Lithuania,LTU,2012,1067.4
Lithuania,LTU,2013,1217.14
Lithuania,LTU,2014,1057.64
Lithuania,LTU,2015,1022.01
Lithuania,LTU,2016,946.87
Lithuania,LTU,2017,844.32
Lithuania,LTU,2018,766.8
Lithuania,LTU,2019,721.47
Luxembourg,LUX,2000,70.01
Luxembourg,LUX,2001,73.62
Luxembourg,LUX,2002,71.22
Luxembourg,LUX,2003,68.53
Luxembourg,LUX,2004,54.6
Luxembourg,LUX,2005,61.31
Luxembourg,LUX,2006,70.79
Luxembourg,LUX,2007,66.66
Luxembourg,LUX,2008,65.26
Luxembourg,LUX,2009,56.1
Luxembourg,LUX,2010,61.01
Luxembourg,LUX,2011,61.92
Luxembourg,LUX,2012,60.21
Luxembourg,LUX,2013,61.1
Luxembourg,LUX,2014,70.19
Luxembourg,LUX,2015,69
Luxembourg,LUX,2016,58.86
Luxembourg,LUX,2017,58.26
Luxembourg,LUX,2018,64.23
Luxembourg,LUX,2019,69.37
Madagascar,MDG,2000,913.31
Madagascar,MDG,2001,926.31
Madagascar,MDG,2002,976.79
Madagascar,MDG,2003,1025.94
Madagascar,MDG,2004,1056.4
Madagascar,MDG,2005,1064.49
Madagascar,MDG,2006,1092.32
Madagascar,MDG,2007,1104.41
Madagascar,MDG,2008,1134.88
Madagascar,MDG,2009,1162.3
Madagascar,MDG,2010,1198.62
Madagascar,MDG,2011,1237.53
Madagascar,MDG,2012,1244.25
Madagascar,MDG,2013,1276.9
Madagascar,MDG,2014,1322.5
Madagascar,MDG,2015,1329.05
Madagascar,MDG,2016,1370.77
Madagascar,MDG,2017,1397.69
Madagascar,MDG,2018,1433.22
Madagascar,MDG,2019,1475.51
Malawi,MWI,2000,1199.14
Malawi,MWI,2001,1117.62
Malawi,MWI,2002,1033.19
Malawi,MWI,2003,985.76
Malawi,MWI,2004,953.08
Malawi,MWI,2005,913.16
Malawi,MWI,2006,968.89
Malawi,MWI,2007,1034.2
Malawi,MWI,2008,1048.54
Malawi,MWI,2009,1134.02
Malawi,MWI,2010,1185.09
Malawi,MWI,2011,1086.76
Malawi,MWI,2012,1040.61
Malawi,MWI,2013,1017.06
Malawi,MWI,2014,1022.9
Malawi,MWI,2015,1035.94
Malawi,MWI,2016,1044.21
Malawi,MWI,2017,1033.84
Malawi,MWI,2018,1014
Malawi,MWI,2019,1007
Malaysia,MYS,2000,1077.91
Malaysia,MYS,2001,1056.22
Malaysia,MYS,2002,1077.53
Malaysia,MYS,2003,1148.88
Malaysia,MYS,2004,1172.09
Malaysia,MYS,2005,1177.54
Malaysia,MYS,2006,1170.96
Malaysia,MYS,2007,1171.32
Malaysia,MYS,2008,1231.21
Malaysia,MYS,2009,1279.96
Malaysia,MYS,2010,1271.25
Malaysia,MYS,2011,1303.22
Malaysia,MYS,2012,1325.95
Malaysia,MYS,2013,1287.8
Malaysia,MYS,2014,1385.88
Malaysia,MYS,2015,1462.72
Malaysia,MYS,2016,1552.71
Malaysia,MYS,2017,1664.57
Malaysia,MYS,2018,1715.34
Malaysia,MYS,2019,1823.31
Maldives,MDV,2000,10.49
Maldives,MDV,2001,10.68
Maldives,MDV,2002,10.34
Maldives,MDV,2003,10.6
Maldives,MDV,2004,8.88
Maldives,MDV,2005,9.65
Maldives,MDV,2006,10.18
Maldives,MDV,2007,10.09
Maldives,MDV,2008,10.48
Maldives,MDV,2009,10.3
Maldives,MDV,2010,9.86
Maldives,MDV,2011,9.78
Maldives,MDV,2012,10.45
Maldives,MDV,2013,10.69
Maldives,MDV,2014,11.72
Maldives,MDV,2015,12.69
Maldives,MDV,2016,14.8
Maldives,MDV,2017,15.38
Maldives,MDV,2018,15.02
Maldives,MDV,2019,14.54
Mali,MLI,2000,526.9
Mali,MLI,2001,531.77
Mali,MLI,2002,540.92
Mali,MLI,2003,545.26
Mali,MLI,2004,560.63
Mali,MLI,2005,587.12
Mali,MLI,2006,595.49
Mali,MLI,2007,620.7
Mali,MLI,2008,650.4
Mali,MLI,2009,670.29
Mali,MLI,2010,672.13
Mali,MLI,2011,691.89
Mali,MLI,2012,716.3
Mali,MLI,2013,733.57
Mali,MLI,2014,743.93
Mali,MLI,2015,745.56
Mali,MLI,2016,757.18
Mali,MLI,2017,758.65
Mali,MLI,2018,779.15
Mali,MLI,2019,806.47
Malta,MLT,2000,26.87
Malta,MLT,2001,28.65
Malta,MLT,2002,22.72
Malta,MLT,2003,21.6
Malta,MLT,2004,23.63
Malta,MLT,2005,22.45
Malta,MLT,2006,27.52
Malta,MLT,2007,22.61
Malta,MLT,2008,26.24
Malta,MLT,2009,28.26
Malta,MLT,2010,31.23
Malta,MLT,2011,28.26
Malta,MLT,2012,25.47
Malta,MLT,2013,29.04
Malta,MLT,2014,30.57
Malta,MLT,2015,31.12
Malta,MLT,2016,25.32
Malta,MLT,2017,23.95
Malta,MLT,2018,26.31
Malta,MLT,2019,26.67
Mauritania,MRT,2000,91.69
Mauritania,MRT,2001,92.82
Mauritania,MRT,2002,93.56
Mauritania,MRT,2003,93.77
Mauritania,MRT,2004,97.96
Mauritania,MRT,2005,97.01
Mauritania,MRT,2006,100.54
Mauritania,MRT,2007,102.28
Mauritania,MRT,2008,102.21
Mauritania,MRT,2009,106.15
Mauritania,MRT,2010,107.73
Mauritania,MRT,2011,109.03
Mauritania,MRT,2012,116.44
Mauritania,MRT,2013,118.37
Mauritania,MRT,2014,120.25
Mauritania,MRT,2015,122.6
Mauritania,MRT,2016,126.76
Mauritania,MRT,2017,131.84
Mauritania,MRT,2018,136.26
Mauritania,MRT,2019,141.05
Mauritius,MUS,2000,139.97
Mauritius,MUS,2001,120.53
Mauritius,MUS,2002,135.58
Mauritius,MUS,2003,93.01
Mauritius,MUS,2004,99.88
Mauritius,MUS,2005,109.69
Mauritius,MUS,2006,113.1
Mauritius,MUS,2007,127.26
Mauritius,MUS,2008,82.41
Mauritius,MUS,2009,112.71
Mauritius,MUS,2010,96.83
Mauritius,MUS,2011,113.05
Mauritius,MUS,2012,120.85
Mauritius,MUS,2013,102.5
Mauritius,MUS,2014,128.41
Mauritius,MUS,2015,99.95
Mauritius,MUS,2016,102.03
Mauritius,MUS,2017,121.6
Mauritius,MUS,2018,110.3
Mauritius,MUS,2019,120.2
Mexico,MEX,2000,3480.2
Mexico,MEX,2001,3808.49
Mexico,MEX,2002,3914.69
Mexico,MEX,2003,4076.71
Mexico,MEX,2004,4147.59
Mexico,MEX,2005,4340.76
Mexico,MEX,2006,4314.03
Mexico,MEX,2007,4429.04
Mexico,MEX,2008,4835.32
Mexico,MEX,2009,5172
Mexico,MEX,2010,5148.68
Mexico,MEX,2011,6066.75
Mexico,MEX,2012,5700.9
Mexico,MEX,2013,6165.84
Mexico,MEX,2014,6801.65
Mexico,MEX,2015,6777.96
Mexico,MEX,2016,6857.4
Mexico,MEX,2017,7359.35
Mexico,MEX,2018,6767.34
Mexico,MEX,2019,6771.79
Micronesia (country),FSM,2000,25.76
Micronesia (country),FSM,2001,25.07
Micronesia (country),FSM,2002,24.12
Micronesia (country),FSM,2003,24.34
Micronesia (country),FSM,2004,25.39
Micronesia (country),FSM,2005,26.09
Micronesia (country),FSM,2006,25.9
Micronesia (country),FSM,2007,25.47
Micronesia (country),FSM,2008,25.34
Micronesia (country),FSM,2009,25.22
Micronesia (country),FSM,2010,25.17
Micronesia (country),FSM,2011,26.07
Micronesia (country),FSM,2012,26.66
Micronesia (country),FSM,2013,27.08
Micronesia (country),FSM,2014,27.7
Micronesia (country),FSM,2015,29.38
Micronesia (country),FSM,2016,29.74
Micronesia (country),FSM,2017,30.85
Micronesia (country),FSM,2018,31.78
Micronesia (country),FSM,2019,32.11
Moldova,MDA,2000,723.17
Moldova,MDA,2001,778.05
Moldova,MDA,2002,737.86
Moldova,MDA,2003,774.1
Moldova,MDA,2004,762.73
Moldova,MDA,2005,806.76
Moldova,MDA,2006,815.99
Moldova,MDA,2007,711.75
Moldova,MDA,2008,787.24
Moldova,MDA,2009,806.3
Moldova,MDA,2010,839.41
Moldova,MDA,2011,622.63
Moldova,MDA,2012,691.55
Moldova,MDA,2013,690.92
Moldova,MDA,2014,700.15
Moldova,MDA,2015,657.52
Moldova,MDA,2016,645.3
Moldova,MDA,2017,603.75
Moldova,MDA,2018,583.76
Moldova,MDA,2019,593.21
Mongolia,MNG,2000,526.93
Mongolia,MNG,2001,539.08
Mongolia,MNG,2002,529.77
Mongolia,MNG,2003,570.88
Mongolia,MNG,2004,590.86
Mongolia,MNG,2005,606.99
Mongolia,MNG,2006,606.18
Mongolia,MNG,2007,612.04
Mongolia,MNG,2008,626.37
Mongolia,MNG,2009,631.92
Mongolia,MNG,2010,635.17
Mongolia,MNG,2011,629.65
Mongolia,MNG,2012,613.55
Mongolia,MNG,2013,606.05
Mongolia,MNG,2014,588.32
Mongolia,MNG,2015,599.85
Mongolia,MNG,2016,613.81
Mongolia,MNG,2017,598.21
Mongolia,MNG,2018,591.17
Mongolia,MNG,2019,576.83
Montenegro,MNE,2000,127.78
Montenegro,MNE,2001,121.97
Montenegro,MNE,2002,124.05
Montenegro,MNE,2003,128.41
Montenegro,MNE,2004,130.5
Montenegro,MNE,2005,134.02
Montenegro,MNE,2006,138.09
Montenegro,MNE,2007,129.9
Montenegro,MNE,2008,129.57
Montenegro,MNE,2009,130.36
Montenegro,MNE,2010,126.92
Montenegro,MNE,2011,130.8
Montenegro,MNE,2012,131.36
Montenegro,MNE,2013,128.02
Montenegro,MNE,2014,128.96
Montenegro,MNE,2015,129.87
Montenegro,MNE,2016,130.51
Montenegro,MNE,2017,132.49
Montenegro,MNE,2018,133.08
Montenegro,MNE,2019,131.58
Morocco,MAR,2000,2851.78
Morocco,MAR,2001,2883.86
Morocco,MAR,2002,2832.17
Morocco,MAR,2003,2862.97
Morocco,MAR,2004,2867.66
Morocco,MAR,2005,2863.49
Morocco,MAR,2006,2854.83
Morocco,MAR,2007,2903.63
Morocco,MAR,2008,2927.74
Morocco,MAR,2009,2949.6
Morocco,MAR,2010,2958.47
Morocco,MAR,2011,3006.08
Morocco,MAR,2012,2951.71
Morocco,MAR,2013,2679.84
Morocco,MAR,2014,2614.9
Morocco,MAR,2015,2563.91
Morocco,MAR,2016,2528.33
Morocco,MAR,2017,2522.25
Morocco,MAR,2018,2576.78
Morocco,MAR,2019,2617.34
Mozambique,MOZ,2000,2218.16
Mozambique,MOZ,2001,2257.19
Mozambique,MOZ,2002,2313.22
Mozambique,MOZ,2003,2378.52
Mozambique,MOZ,2004,2470.2
Mozambique,MOZ,2005,2572.94
Mozambique,MOZ,2006,2654.48
Mozambique,MOZ,2007,2730.42
Mozambique,MOZ,2008,3000.88
Mozambique,MOZ,2009,3322.41
Mozambique,MOZ,2010,3505.99
Mozambique,MOZ,2011,3691.26
Mozambique,MOZ,2012,3906.56
Mozambique,MOZ,2013,3915.97
Mozambique,MOZ,2014,3778.94
Mozambique,MOZ,2015,3761.33
Mozambique,MOZ,2016,3771.59
Mozambique,MOZ,2017,3837.74
Mozambique,MOZ,2018,3994.05
Mozambique,MOZ,2019,4143.86
Myanmar,MMR,2000,2179.78
Myanmar,MMR,2001,2094.27
Myanmar,MMR,2002,2083.37
Myanmar,MMR,2003,2058.92
Myanmar,MMR,2004,2059.29
Myanmar,MMR,2005,2019.35
Myanmar,MMR,2006,2009.78
Myanmar,MMR,2007,1930.4
Myanmar,MMR,2008,1789.18
Myanmar,MMR,2009,1802.89
Myanmar,MMR,2010,1755.2
Myanmar,MMR,2011,1743.41
Myanmar,MMR,2012,1699.82
Myanmar,MMR,2013,1685.85
Myanmar,MMR,2014,1688.52
Myanmar,MMR,2015,1674.8
Myanmar,MMR,2016,1689.68
Myanmar,MMR,2017,1598.85
Myanmar,MMR,2018,1549.69
Myanmar,MMR,2019,1564.96
Namibia,NAM,2000,345.57
Namibia,NAM,2001,343.45
Namibia,NAM,2002,345.43
Namibia,NAM,2003,341.98
Namibia,NAM,2004,318.21
Namibia,NAM,2005,344.43
Namibia,NAM,2006,349.76
Namibia,NAM,2007,347.58
Namibia,NAM,2008,287.24
Namibia,NAM,2009,272.98
Namibia,NAM,2010,272.93
Namibia,NAM,2011,245.85
Namibia,NAM,2012,224
Namibia,NAM,2013,227.08
Namibia,NAM,2014,248.25
Namibia,NAM,2015,269.5
Namibia,NAM,2016,251.94
Namibia,NAM,2017,262.1
Namibia,NAM,2018,241.54
Namibia,NAM,2019,242.73
Nepal,NPL,2000,2038.1
Nepal,NPL,2001,1973.87
Nepal,NPL,2002,1975.72
Nepal,NPL,2003,1965.1
Nepal,NPL,2004,1965.19
Nepal,NPL,2005,2036.8
Nepal,NPL,2006,2014.31
Nepal,NPL,2007,2110.86
Nepal,NPL,2008,2209.01
Nepal,NPL,2009,2297.05
Nepal,NPL,2010,2345.25
Nepal,NPL,2011,2415.57
Nepal,NPL,2012,2395.89
Nepal,NPL,2013,2338.3
Nepal,NPL,2014,2283.8
Nepal,NPL,2015,2300.68
Nepal,NPL,2016,2329.53
Nepal,NPL,2017,2389.07
Nepal,NPL,2018,2477.94
Nepal,NPL,2019,2571.12
Netherlands,NLD,2000,1529.08
Netherlands,NLD,2001,1539.19
Netherlands,NLD,2002,1612.16
Netherlands,NLD,2003,1555.63
Netherlands,NLD,2004,1584.9
Netherlands,NLD,2005,1604.27
Netherlands,NLD,2006,1573.88
Netherlands,NLD,2007,1390.56
Netherlands,NLD,2008,1489.13
Netherlands,NLD,2009,1574.44
Netherlands,NLD,2010,1636.11
Netherlands,NLD,2011,1683.89
Netherlands,NLD,2012,1799.38
Netherlands,NLD,2013,1995.81
Netherlands,NLD,2014,1959.24
Netherlands,NLD,2015,1995.66
Netherlands,NLD,2016,2022.19
Netherlands,NLD,2017,2055.9
Netherlands,NLD,2018,1939.11
Netherlands,NLD,2019,2024.91
New Zealand,NZL,2000,482.15
New Zealand,NZL,2001,543.61
New Zealand,NZL,2002,495.09
New Zealand,NZL,2003,549.13
New Zealand,NZL,2004,515.39
New Zealand,NZL,2005,534.74
New Zealand,NZL,2006,547.91
New Zealand,NZL,2007,522.33
New Zealand,NZL,2008,531.23
New Zealand,NZL,2009,498.29
New Zealand,NZL,2010,552.49
New Zealand,NZL,2011,503.11
New Zealand,NZL,2012,566.09
New Zealand,NZL,2013,549.98
New Zealand,NZL,2014,516.24
New Zealand,NZL,2015,540.83
New Zealand,NZL,2016,566.44
New Zealand,NZL,2017,597.84
New Zealand,NZL,2018,538.89
New Zealand,NZL,2019,528.37
Nicaragua,NIC,2000,279.6
Nicaragua,NIC,2001,265.29
Nicaragua,NIC,2002,262.63
Nicaragua,NIC,2003,294.68
Nicaragua,NIC,2004,290.88
Nicaragua,NIC,2005,283.16
Nicaragua,NIC,2006,253.51
Nicaragua,NIC,2007,272.72
Nicaragua,NIC,2008,286.5
Nicaragua,NIC,2009,288.24
Nicaragua,NIC,2010,277.98
Nicaragua,NIC,2011,324.39
Nicaragua,NIC,2012,263.74
Nicaragua,NIC,2013,319.62
Nicaragua,NIC,2014,278.05
Nicaragua,NIC,2015,263.18
Nicaragua,NIC,2016,273.98
Nicaragua,NIC,2017,283.72
Nicaragua,NIC,2018,293.56
Nicaragua,NIC,2019,284.61
Niger,NER,2000,565.97
Niger,NER,2001,602.79
Niger,NER,2002,620.09
Niger,NER,2003,658.52
Niger,NER,2004,670.13
Niger,NER,2005,717.24
Niger,NER,2006,739.99
Niger,NER,2007,779.28
Niger,NER,2008,798.98
Niger,NER,2009,835.52
Niger,NER,2010,879.46
Niger,NER,2011,919.78
Niger,NER,2012,972.49
Niger,NER,2013,1021.22
Niger,NER,2014,1062.85
Niger,NER,2015,1073.71
Niger,NER,2016,1099.43
Niger,NER,2017,1134.49
Niger,NER,2018,1178.51
Niger,NER,2019,1226.91
Nigeria,NGA,2000,5928.14
Nigeria,NGA,2001,6181.05
Nigeria,NGA,2002,6220.92
Nigeria,NGA,2003,6316.83
Nigeria,NGA,2004,6531.97
Nigeria,NGA,2005,6625.42
Nigeria,NGA,2006,6712.76
Nigeria,NGA,2007,6910.46
Nigeria,NGA,2008,6966.96
Nigeria,NGA,2009,6957.26
Nigeria,NGA,2010,6971.79
Nigeria,NGA,2011,7084.97
Nigeria,NGA,2012,7018.12
Nigeria,NGA,2013,6962.16
Nigeria,NGA,2014,6782.86
Nigeria,NGA,2015,6691.88
Nigeria,NGA,2016,6801.97
Nigeria,NGA,2017,6839.53
Nigeria,NGA,2018,6917.74
Nigeria,NGA,2019,7018.56
North America,,2000,43962.41
North America,,2001,45639.6
North America,,2002,47023.86
North America,,2003,47633.41
North America,,2004,48528.74
North America,,2005,49126.367
North America,,2006,49908.53
North America,,2007,51008.86
North America,,2008,52780.418
North America,,2009,54125.91
North America,,2010,55529.523
North America,,2011,57453.12
North America,,2012,57925.35
North America,,2013,59091.938
North America,,2014,61594.91
North America,,2015,63696.242
North America,,2016,65880.03
North America,,2017,69615.16
North America,,2018,68398.25
North America,,2019,70234.2
North Korea,PRK,2000,2242.71
North Korea,PRK,2001,2206.98
North Korea,PRK,2002,2217.65
North Korea,PRK,2003,2157.62
North Korea,PRK,2004,2143.62
North Korea,PRK,2005,2132.49
North Korea,PRK,2006,2146.54
North Korea,PRK,2007,2181.51
North Korea,PRK,2008,2282.8
North Korea,PRK,2009,2296.54
North Korea,PRK,2010,2339.14
North Korea,PRK,2011,2399.93
North Korea,PRK,2012,2402.86
North Korea,PRK,2013,2455.19
North Korea,PRK,2014,2506.04
North Korea,PRK,2015,2644.66
North Korea,PRK,2016,2620.62
North Korea,PRK,2017,2479.43
North Korea,PRK,2018,2369.85
North Korea,PRK,2019,2407
North Macedonia,MKD,2000,189.61
North Macedonia,MKD,2001,261.67
North Macedonia,MKD,2002,198.92
North Macedonia,MKD,2003,186.68
North Macedonia,MKD,2004,218.15
North Macedonia,MKD,2005,176.59
North Macedonia,MKD,2006,199.3
North Macedonia,MKD,2007,193.98
North Macedonia,MKD,2008,194.71
North Macedonia,MKD,2009,200.29
North Macedonia,MKD,2010,146.39
North Macedonia,MKD,2011,153.19
North Macedonia,MKD,2012,206.81
North Macedonia,MKD,2013,202.22
North Macedonia,MKD,2014,192.14
North Macedonia,MKD,2015,190.67
North Macedonia,MKD,2016,192.38
North Macedonia,MKD,2017,193.62
North Macedonia,MKD,2018,195.31
North Macedonia,MKD,2019,195.71
Norway,NOR,2000,626.07
Norway,NOR,2001,642.28
Norway,NOR,2002,549.63
Norway,NOR,2003,541.39
Norway,NOR,2004,590.08
Norway,NOR,2005,576.12
Norway,NOR,2006,596.21
Norway,NOR,2007,556.21
Norway,NOR,2008,560.67
Norway,NOR,2009,625.26
Norway,NOR,2010,603.61
Norway,NOR,2011,656.24
Norway,NOR,2012,572.93
Norway,NOR,2013,598.2
Norway,NOR,2014,598.63
Norway,NOR,2015,647.81
Norway,NOR,2016,662.39
Norway,NOR,2017,643.2
Norway,NOR,2018,637.94
Norway,NOR,2019,633.39
Oceania,,2000,3278.03
Oceania,,2001,3272.5598
Oceania,,2002,3090.64
Oceania,,2003,3012.71
Oceania,,2004,2962.5898
Oceania,,2005,3209.98
Oceania,,2006,3160.2998
Oceania,,2007,3249.59
Oceania,,2008,3463.15
Oceania,,2009,3405.56
Oceania,,2010,3624.93
Oceania,,2011,3525.9602
Oceania,,2012,3769.33
Oceania,,2013,3747.0498
Oceania,,2014,4043.71
Oceania,,2015,4258.5303
Oceania,,2016,4080.8098
Oceania,,2017,4388.52
Oceania,,2018,4209.18
Oceania,,2019,4262.85
Oman,OMN,2000,141.2
Oman,OMN,2001,142.43
Oman,OMN,2002,137.06
Oman,OMN,2003,145.84
Oman,OMN,2004,142.94
Oman,OMN,2005,149.53
Oman,OMN,2006,168.59
Oman,OMN,2007,181.48
Oman,OMN,2008,185.56
Oman,OMN,2009,186.9
Oman,OMN,2010,205.11
Oman,OMN,2011,199.05
Oman,OMN,2012,188.57
Oman,OMN,2013,199.08
Oman,OMN,2014,205.77
Oman,OMN,2015,214.03
Oman,OMN,2016,211.38
Oman,OMN,2017,221.12
Oman,OMN,2018,226.53
Oman,OMN,2019,241.34
Pakistan,PAK,2000,12512.71
Pakistan,PAK,2001,13032.31
Pakistan,PAK,2002,13535.86
Pakistan,PAK,2003,13998.16
Pakistan,PAK,2004,14359.12
Pakistan,PAK,2005,14417.15
Pakistan,PAK,2006,15060.15
Pakistan,PAK,2007,15181.05
Pakistan,PAK,2008,15390.65
Pakistan,PAK,2009,15514.74
Pakistan,PAK,2010,15787.45
Pakistan,PAK,2011,16031.34
Pakistan,PAK,2012,16434.01
Pakistan,PAK,2013,16947.53
Pakistan,PAK,2014,17391.34
Pakistan,PAK,2015,17890.86
Pakistan,PAK,2016,18506.05
Pakistan,PAK,2017,18897.66
Pakistan,PAK,2018,18936.93
Pakistan,PAK,2019,19330.76
Panama,PAN,2000,164.46
Panama,PAN,2001,177.36
Panama,PAN,2002,166.46
Panama,PAN,2003,190.11
Panama,PAN,2004,189.85
Panama,PAN,2005,166.37
Panama,PAN,2006,191.51
Panama,PAN,2007,168.14
Panama,PAN,2008,188.72
Panama,PAN,2009,171.49
Panama,PAN,2010,152.03
Panama,PAN,2011,140.82
Panama,PAN,2012,136.3
Panama,PAN,2013,130.98
Panama,PAN,2014,159.13
Panama,PAN,2015,114.89
Panama,PAN,2016,132.04
Panama,PAN,2017,130
Panama,PAN,2018,121.24
Panama,PAN,2019,121.3
Papua New Guinea,PNG,2000,123.57
Papua New Guinea,PNG,2001,136.52
Papua New Guinea,PNG,2002,137.68
Papua New Guinea,PNG,2003,146.36
Papua New Guinea,PNG,2004,152.06
Papua New Guinea,PNG,2005,156.69
Papua New Guinea,PNG,2006,160.82
Papua New Guinea,PNG,2007,173.15
Papua New Guinea,PNG,2008,175.19
Papua New Guinea,PNG,2009,172.35
Papua New Guinea,PNG,2010,186.7
Papua New Guinea,PNG,2011,191.38
Papua New Guinea,PNG,2012,205.81
Papua New Guinea,PNG,2013,209.79
Papua New Guinea,PNG,2014,229.96
Papua New Guinea,PNG,2015,238.92
Papua New Guinea,PNG,2016,244.03
Papua New Guinea,PNG,2017,239.02
Papua New Guinea,PNG,2018,246.45
Papua New Guinea,PNG,2019,258.55
Paraguay,PRY,2000,165.87
Paraguay,PRY,2001,165.8
Paraguay,PRY,2002,197.53
Paraguay,PRY,2003,192.53
Paraguay,PRY,2004,243.01
Paraguay,PRY,2005,254.5
Paraguay,PRY,2006,250.5
Paraguay,PRY,2007,228.85
Paraguay,PRY,2008,217.48
Paraguay,PRY,2009,269
Paraguay,PRY,2010,220.32
Paraguay,PRY,2011,289.12
Paraguay,PRY,2012,294.27
Paraguay,PRY,2013,320.82
Paraguay,PRY,2014,386.46
Paraguay,PRY,2015,382.93
Paraguay,PRY,2016,358.84
Paraguay,PRY,2017,415.61
Paraguay,PRY,2018,414.17
Paraguay,PRY,2019,425.11
Peru,PER,2000,826.79
Peru,PER,2001,776.75
Peru,PER,2002,785.93
Peru,PER,2003,816.9
Peru,PER,2004,779.54
Peru,PER,2005,764.2
Peru,PER,2006,756.4
Peru,PER,2007,746.07
Peru,PER,2008,778.76
Peru,PER,2009,941.62
Peru,PER,2010,1007.13
Peru,PER,2011,969.66
Peru,PER,2012,945.44
Peru,PER,2013,922.33
Peru,PER,2014,873.84
Peru,PER,2015,824.41
Peru,PER,2016,813.45
Peru,PER,2017,861.73
Peru,PER,2018,883.2
Peru,PER,2019,902.88
Philippines,PHL,2000,1364.59
Philippines,PHL,2001,1168.64
Philippines,PHL,2002,1350.75
Philippines,PHL,2003,1510.38
Philippines,PHL,2004,1491.97
Philippines,PHL,2005,1648.43
Philippines,PHL,2006,1742.78
Philippines,PHL,2007,1670.08
Philippines,PHL,2008,1810.81
Philippines,PHL,2009,2132.81
Philippines,PHL,2010,2221.86
Philippines,PHL,2011,2593.61
Philippines,PHL,2012,2290.65
Philippines,PHL,2013,2347.08
Philippines,PHL,2014,2289.09
Philippines,PHL,2015,2319.45
Philippines,PHL,2016,2317.53
Philippines,PHL,2017,2323.49
Philippines,PHL,2018,2323
Philippines,PHL,2019,2325.41
Poland,POL,2000,6535.55
Poland,POL,2001,6609.18
Poland,POL,2002,6665.62
Poland,POL,2003,6549.63
Poland,POL,2004,6759.1
Poland,POL,2005,6805.74
Poland,POL,2006,6546.19
Poland,POL,2007,6013.39
Poland,POL,2008,6528.88
Poland,POL,2009,7347.82
Poland,POL,2010,7137.58
Poland,POL,2011,6887.6
Poland,POL,2012,7075.11
Poland,POL,2013,6953.88
Poland,POL,2014,6623.32
Poland,POL,2015,6029.59
Poland,POL,2016,5253.81
Poland,POL,2017,5048.56
Poland,POL,2018,4800.81
Poland,POL,2019,4281.94
Portugal,PRT,2000,780.93
Portugal,PRT,2001,910.93
Portugal,PRT,2002,1294.36
Portugal,PRT,2003,1240.54
Portugal,PRT,2004,1107.52
Portugal,PRT,2005,1194.01
Portugal,PRT,2006,1211.31
Portugal,PRT,2007,1336.09
Portugal,PRT,2008,1387.54
Portugal,PRT,2009,1386.61
Portugal,PRT,2010,1441.71
Portugal,PRT,2011,1295.49
Portugal,PRT,2012,1422.18
Portugal,PRT,2013,1313.59
Portugal,PRT,2014,1482.97
Portugal,PRT,2015,1369.39
Portugal,PRT,2016,1171.99
Portugal,PRT,2017,1230.29
Portugal,PRT,2018,1203.91
Portugal,PRT,2019,1171.92
Qatar,QAT,2000,46.47
Qatar,QAT,2001,49.08
Qatar,QAT,2002,50.12
Qatar,QAT,2003,50.16
Qatar,QAT,2004,54.2
Qatar,QAT,2005,59.2
Qatar,QAT,2006,69.73
Qatar,QAT,2007,102.58
Qatar,QAT,2008,118.65
Qatar,QAT,2009,139.59
Qatar,QAT,2010,152.76
Qatar,QAT,2011,161.85
Qatar,QAT,2012,162.16
Qatar,QAT,2013,155.81
Qatar,QAT,2014,154.67
Qatar,QAT,2015,156.67
Qatar,QAT,2016,161.05
Qatar,QAT,2017,157.45
Qatar,QAT,2018,160.34
Qatar,QAT,2019,165.31
Romania,ROU,2000,2859.13
Romania,ROU,2001,2696.75
Romania,ROU,2002,3108.24
Romania,ROU,2003,2939.37
Romania,ROU,2004,2748.64
Romania,ROU,2005,2629.87
Romania,ROU,2006,2741.01
Romania,ROU,2007,2432.65
Romania,ROU,2008,2446.63
Romania,ROU,2009,2527.4
Romania,ROU,2010,2712.43
Romania,ROU,2011,2469
Romania,ROU,2012,2546.65
Romania,ROU,2013,2463.74
Romania,ROU,2014,2267.18
Romania,ROU,2015,2294.15
Romania,ROU,2016,2013.19
Romania,ROU,2017,1981.57
Romania,ROU,2018,1991.78
Romania,ROU,2019,1886.37
Russia,RUS,2000,78744.04
Russia,RUS,2001,76480.65
Russia,RUS,2002,75489.89
Russia,RUS,2003,74587.86
Russia,RUS,2004,72136.54
Russia,RUS,2005,71539.47
Russia,RUS,2006,64177.52
Russia,RUS,2007,59676.1
Russia,RUS,2008,58364.86
Russia,RUS,2009,55085.19
Russia,RUS,2010,54634.66
Russia,RUS,2011,51579.01
Russia,RUS,2012,49554.09
Russia,RUS,2013,48334.35
Russia,RUS,2014,48956.54
Russia,RUS,2015,46465.09
Russia,RUS,2016,45013.9
Russia,RUS,2017,41028.88
Russia,RUS,2018,39507.01
Russia,RUS,2019,36625.25
Rwanda,RWA,2000,1249.73
Rwanda,RWA,2001,1150.88
Rwanda,RWA,2002,1057.12
Rwanda,RWA,2003,942.03
Rwanda,RWA,2004,837
Rwanda,RWA,2005,781.27
Rwanda,RWA,2006,760.88
Rwanda,RWA,2007,742.63
Rwanda,RWA,2008,716.33
Rwanda,RWA,2009,680.41
Rwanda,RWA,2010,658.43
Rwanda,RWA,2011,640.33
Rwanda,RWA,2012,636.21
Rwanda,RWA,2013,627.6
Rwanda,RWA,2014,645.1
Rwanda,RWA,2015,650.56
Rwanda,RWA,2016,660.4
Rwanda,RWA,2017,672.16
Rwanda,RWA,2018,685.85
Rwanda,RWA,2019,703.59
Saint Lucia,LCA,2000,11.2
Saint Lucia,LCA,2001,11.53
Saint Lucia,LCA,2002,10.79
Saint Lucia,LCA,2003,11.55
Saint Lucia,LCA,2004,11.1
Saint Lucia,LCA,2005,11.62
Saint Lucia,LCA,2006,12.5
Saint Lucia,LCA,2007,11.93
Saint Lucia,LCA,2008,13.61
Saint Lucia,LCA,2009,12.39
Saint Lucia,LCA,2010,13.81
Saint Lucia,LCA,2011,12.71
Saint Lucia,LCA,2012,15.4
Saint Lucia,LCA,2013,14.66
Saint Lucia,LCA,2014,15.93
Saint Lucia,LCA,2015,15.49
Saint Lucia,LCA,2016,13.34
Saint Lucia,LCA,2017,14.37
Saint Lucia,LCA,2018,14.59
Saint Lucia,LCA,2019,14.4
Saint Vincent and the Grenadines,VCT,2000,6.19
Saint Vincent and the Grenadines,VCT,2001,5.63
Saint Vincent and the Grenadines,VCT,2002,7.08
Saint Vincent and the Grenadines,VCT,2003,6.29
Saint Vincent and the Grenadines,VCT,2004,5.57
Saint Vincent and the Grenadines,VCT,2005,10.74
Saint Vincent and the Grenadines,VCT,2006,6.7
Saint Vincent and the Grenadines,VCT,2007,9.15
Saint Vincent and the Grenadines,VCT,2008,4.59
Saint Vincent and the Grenadines,VCT,2009,2.82
Saint Vincent and the Grenadines,VCT,2010,3.25
Saint Vincent and the Grenadines,VCT,2011,6.01
Saint Vincent and the Grenadines,VCT,2012,5.87
Saint Vincent and the Grenadines,VCT,2013,4.2
Saint Vincent and the Grenadines,VCT,2014,1.55
Saint Vincent and the Grenadines,VCT,2015,3.55
Saint Vincent and the Grenadines,VCT,2016,0.71
Saint Vincent and the Grenadines,VCT,2017,0
Saint Vincent and the Grenadines,VCT,2018,1.1
Saint Vincent and the Grenadines,VCT,2019,1.08
Samoa,WSM,2000,23.82
Samoa,WSM,2001,24.01
Samoa,WSM,2002,23.65
Samoa,WSM,2003,23.48
Samoa,WSM,2004,22.9
Samoa,WSM,2005,23.27
Samoa,WSM,2006,23.55
Samoa,WSM,2007,23.56
Samoa,WSM,2008,23.54
Samoa,WSM,2009,20.3
Samoa,WSM,2010,23.76
Samoa,WSM,2011,23.95
Samoa,WSM,2012,24.06
Samoa,WSM,2013,23.06
Samoa,WSM,2014,24.51
Samoa,WSM,2015,24.49
Samoa,WSM,2016,24.88
Samoa,WSM,2017,24.54
Samoa,WSM,2018,24.81
Samoa,WSM,2019,24.74
Sao Tome and Principe,STP,2000,2.03
Sao Tome and Principe,STP,2001,2.18
Sao Tome and Principe,STP,2002,2.29
Sao Tome and Principe,STP,2003,1.94
Sao Tome and Principe,STP,2004,2.23
Sao Tome and Principe,STP,2005,2.12
Sao Tome and Principe,STP,2006,2.4
Sao Tome and Principe,STP,2007,2.68
Sao Tome and Principe,STP,2008,2.68
Sao Tome and Principe,STP,2009,2.6
Sao Tome and Principe,STP,2010,2.61
Sao Tome and Principe,STP,2011,2.56
Sao Tome and Principe,STP,2012,2.77
Sao Tome and Principe,STP,2013,2.78
Sao Tome and Principe,STP,2014,2.94
Sao Tome and Principe,STP,2015,2.92
Sao Tome and Principe,STP,2016,2.95
Sao Tome and Principe,STP,2017,3.04
Sao Tome and Principe,STP,2018,3.08
Sao Tome and Principe,STP,2019,3.19
Saudi Arabia,SAU,2000,664.07
Saudi Arabia,SAU,2001,694.1
Saudi Arabia,SAU,2002,736.51
Saudi Arabia,SAU,2003,788.5
Saudi Arabia,SAU,2004,796.51
Saudi Arabia,SAU,2005,879.16
Saudi Arabia,SAU,2006,967.47
Saudi Arabia,SAU,2007,1073.19
Saudi Arabia,SAU,2008,1185.88
Saudi Arabia,SAU,2009,1329.83
Saudi Arabia,SAU,2010,1500.4
Saudi Arabia,SAU,2011,1722.98
Saudi Arabia,SAU,2012,1871
Saudi Arabia,SAU,2013,1944.36
Saudi Arabia,SAU,2014,2040.5
Saudi Arabia,SAU,2015,2009.77
Saudi Arabia,SAU,2016,2058.29
Saudi Arabia,SAU,2017,2059.18
Saudi Arabia,SAU,2018,2052.56
Saudi Arabia,SAU,2019,2045.82
Senegal,SEN,2000,768.05
Senegal,SEN,2001,761.7
Senegal,SEN,2002,766.78
Senegal,SEN,2003,776.06
Senegal,SEN,2004,788.24
Senegal,SEN,2005,797.43
Senegal,SEN,2006,801.25
Senegal,SEN,2007,787.7
Senegal,SEN,2008,816.57
Senegal,SEN,2009,823.33
Senegal,SEN,2010,832.3
Senegal,SEN,2011,840.64
Senegal,SEN,2012,870.43
Senegal,SEN,2013,894.15
Senegal,SEN,2014,914.8
Senegal,SEN,2015,927.43
Senegal,SEN,2016,937.97
Senegal,SEN,2017,952.43
Senegal,SEN,2018,961.64
Senegal,SEN,2019,977.83
Serbia,SRB,2000,2189.6
Serbia,SRB,2001,2047.21
Serbia,SRB,2002,2089.3
Serbia,SRB,2003,1972.57
Serbia,SRB,2004,1969.47
Serbia,SRB,2005,1852.28
Serbia,SRB,2006,1779.05
Serbia,SRB,2007,1704.91
Serbia,SRB,2008,1634.46
Serbia,SRB,2009,1755.98
Serbia,SRB,2010,1544.42
Serbia,SRB,2011,1615.67
Serbia,SRB,2012,1629.28
Serbia,SRB,2013,1598.11
Serbia,SRB,2014,1514.08
Serbia,SRB,2015,1451.84
Serbia,SRB,2016,1343.98
Serbia,SRB,2017,49.81
Serbia,SRB,2018,992.39
Serbia,SRB,2019,996.46
Seychelles,SYC,2000,7.44
Seychelles,SYC,2001,7.6
Seychelles,SYC,2002,7.19
Seychelles,SYC,2003,7.68
Seychelles,SYC,2004,8.14
Seychelles,SYC,2005,7.43
Seychelles,SYC,2006,7.27
Seychelles,SYC,2007,6.83
Seychelles,SYC,2008,7.07
Seychelles,SYC,2009,6.79
Seychelles,SYC,2010,7.08
Seychelles,SYC,2011,7.22
Seychelles,SYC,2012,7.16
Seychelles,SYC,2013,7.17
Seychelles,SYC,2014,7.44
Seychelles,SYC,2015,7.62
Seychelles,SYC,2016,7.68
Seychelles,SYC,2017,8.01
Seychelles,SYC,2018,7.99
Seychelles,SYC,2019,7.91
Sierra Leone,SLE,2000,261.66
Sierra Leone,SLE,2001,279.58
Sierra Leone,SLE,2002,298.01
Sierra Leone,SLE,2003,317.88
Sierra Leone,SLE,2004,330.21
Sierra Leone,SLE,2005,341.2
Sierra Leone,SLE,2006,376.39
Sierra Leone,SLE,2007,385.71
Sierra Leone,SLE,2008,398.93
Sierra Leone,SLE,2009,411.78
Sierra Leone,SLE,2010,433.5
Sierra Leone,SLE,2011,424.45
Sierra Leone,SLE,2012,443.78
Sierra Leone,SLE,2013,434.98
Sierra Leone,SLE,2014,436.09
Sierra Leone,SLE,2015,421.93
Sierra Leone,SLE,2016,450.85
Sierra Leone,SLE,2017,470.22
Sierra Leone,SLE,2018,501.51
Sierra Leone,SLE,2019,521.23
Singapore,SGP,2000,498.22
Singapore,SGP,2001,459.56
Singapore,SGP,2002,507.95
Singapore,SGP,2003,497.99
Singapore,SGP,2004,490.43
Singapore,SGP,2005,479.07
Singapore,SGP,2006,516.83
Singapore,SGP,2007,487.68
Singapore,SGP,2008,496.19
Singapore,SGP,2009,522.49
Singapore,SGP,2010,508.71
Singapore,SGP,2011,502.45
Singapore,SGP,2012,604.47
Singapore,SGP,2013,560.45
Singapore,SGP,2014,563.62
Singapore,SGP,2015,502.88
Singapore,SGP,2016,513.78
Singapore,SGP,2017,512.4
Singapore,SGP,2018,542.54
Singapore,SGP,2019,650.43
Slovakia,SVK,2000,766.11
Slovakia,SVK,2001,749.42
Slovakia,SVK,2002,790.35
Slovakia,SVK,2003,812.63
Slovakia,SVK,2004,747.85
Slovakia,SVK,2005,737.21
Slovakia,SVK,2006,783.01
Slovakia,SVK,2007,756.13
Slovakia,SVK,2008,684.86
Slovakia,SVK,2009,705.67
Slovakia,SVK,2010,736.43
Slovakia,SVK,2011,696.27
Slovakia,SVK,2012,680.03
Slovakia,SVK,2013,665.24
Slovakia,SVK,2014,700.05
Slovakia,SVK,2015,674.63
Slovakia,SVK,2016,670.99
Slovakia,SVK,2017,667.47
Slovakia,SVK,2018,663.75
Slovakia,SVK,2019,659.75
Slovenia,SVN,2000,635.27
Slovenia,SVN,2001,613.71
Slovenia,SVN,2002,579.22
Slovenia,SVN,2003,589.45
Slovenia,SVN,2004,570.78
Slovenia,SVN,2005,534.46
Slovenia,SVN,2006,559.32
Slovenia,SVN,2007,460.33
Slovenia,SVN,2008,416.23
Slovenia,SVN,2009,458.33
Slovenia,SVN,2010,422.96
Slovenia,SVN,2011,443.2
Slovenia,SVN,2012,451.7
Slovenia,SVN,2013,459.01
Slovenia,SVN,2014,404.37
Slovenia,SVN,2015,435.8
Slovenia,SVN,2016,395.09
Slovenia,SVN,2017,434.55
Slovenia,SVN,2018,369.96
Slovenia,SVN,2019,411.22
Solomon Islands,SLB,2000,59.23
Solomon Islands,SLB,2001,59.79
Solomon Islands,SLB,2002,62.27
Solomon Islands,SLB,2003,65.48
Solomon Islands,SLB,2004,63.29
Solomon Islands,SLB,2005,65.86
Solomon Islands,SLB,2006,67.75
Solomon Islands,SLB,2007,74.81
Solomon Islands,SLB,2008,79.56
Solomon Islands,SLB,2009,81.36
Solomon Islands,SLB,2010,82.91
Solomon Islands,SLB,2011,84.97
Solomon Islands,SLB,2012,86.58
Solomon Islands,SLB,2013,87.87
Solomon Islands,SLB,2014,89.76
Solomon Islands,SLB,2015,91.44
Solomon Islands,SLB,2016,93.28
Solomon Islands,SLB,2017,95.78
Solomon Islands,SLB,2018,97.94
Solomon Islands,SLB,2019,98.25
Somalia,SOM,2000,803.86
Somalia,SOM,2001,815.35
Somalia,SOM,2002,846.11
Somalia,SOM,2003,877.5
Somalia,SOM,2004,919.08
Somalia,SOM,2005,933.26
Somalia,SOM,2006,933.1
Somalia,SOM,2007,934.96
Somalia,SOM,2008,973.49
Somalia,SOM,2009,1000.83
Somalia,SOM,2010,986.3
Somalia,SOM,2011,1005.13
Somalia,SOM,2012,1030.88
Somalia,SOM,2013,1054.1
Somalia,SOM,2014,1082.58
Somalia,SOM,2015,1102.84
Somalia,SOM,2016,1121.71
Somalia,SOM,2017,1160.9
Somalia,SOM,2018,1193.48
Somalia,SOM,2019,1219.06
South Africa,ZAF,2000,10089.59
South Africa,ZAF,2001,10491.32
South Africa,ZAF,2002,11200.92
South Africa,ZAF,2003,11734.08
South Africa,ZAF,2004,11651.1
South Africa,ZAF,2005,11659.37
South Africa,ZAF,2006,11440.73
South Africa,ZAF,2007,12076.59
South Africa,ZAF,2008,13295.58
South Africa,ZAF,2009,13495.77
South Africa,ZAF,2010,12618.2
South Africa,ZAF,2011,11635.06
South Africa,ZAF,2012,12097.35
South Africa,ZAF,2013,12728.96
South Africa,ZAF,2014,13130.08
South Africa,ZAF,2015,13581.86
South Africa,ZAF,2016,13735.65
South Africa,ZAF,2017,14377.71
South Africa,ZAF,2018,13956.38
South Africa,ZAF,2019,13774
South America,,2000,18438.24
South America,,2001,19888.49
South America,,2002,20099.85
South America,,2003,19866.66
South America,,2004,19854.91
South America,,2005,20297.15
South America,,2006,20492.682
South America,,2007,21100.139
South America,,2008,22047.83
South America,,2009,22444.7
South America,,2010,22182.52
South America,,2011,22891.75
South America,,2012,23529.91
South America,,2013,23319.31
South America,,2014,23832.719
South America,,2015,24395.14
South America,,2016,25000.379
South America,,2017,26878.07
South America,,2018,27484.77
South America,,2019,27105.11
South Korea,KOR,2000,6860.75
South Korea,KOR,2001,7430.32
South Korea,KOR,2002,9109.11
South Korea,KOR,2003,11631.63
South Korea,KOR,2004,12312.84
South Korea,KOR,2005,13012.91
South Korea,KOR,2006,11569.66
South Korea,KOR,2007,13106.03
South Korea,KOR,2008,14046.02
South Korea,KOR,2009,16887.29
South Korea,KOR,2010,16852.97
South Korea,KOR,2011,17166.54
South Korea,KOR,2012,15116.54
South Korea,KOR,2013,15392.96
South Korea,KOR,2014,14659.3
South Korea,KOR,2015,14255.41
South Korea,KOR,2016,13862.35
South Korea,KOR,2017,13177.13
South Korea,KOR,2018,14625.69
South Korea,KOR,2019,14635.64
South Sudan,SSD,2000,264.2
South Sudan,SSD,2001,256.45
South Sudan,SSD,2002,258.48
South Sudan,SSD,2003,270.37
South Sudan,SSD,2004,282.81
South Sudan,SSD,2005,291.27
South Sudan,SSD,2006,306.83
South Sudan,SSD,2007,320.34
South Sudan,SSD,2008,329.31
South Sudan,SSD,2009,336.14
South Sudan,SSD,2010,346.59
South Sudan,SSD,2011,356.12
South Sudan,SSD,2012,371.91
South Sudan,SSD,2013,371.95
South Sudan,SSD,2014,365.7
South Sudan,SSD,2015,384.63
South Sudan,SSD,2016,395.84
South Sudan,SSD,2017,398.09
South Sudan,SSD,2018,416.52
South Sudan,SSD,2019,425.38
Spain,ESP,2000,3502.28
Spain,ESP,2001,3322.16
Spain,ESP,2002,3497.17
Spain,ESP,2003,3629.94
Spain,ESP,2004,3684.74
Spain,ESP,2005,3540.17
Spain,ESP,2006,3356.34
Spain,ESP,2007,3354.72
Spain,ESP,2008,3573.61
Spain,ESP,2009,3532.07
Spain,ESP,2010,3254.46
Spain,ESP,2011,3318.22
Spain,ESP,2012,3622.34
Spain,ESP,2013,3967.09
Spain,ESP,2014,3998.69
Spain,ESP,2015,3685.9
Spain,ESP,2016,3657.72
Spain,ESP,2017,3802.22
Spain,ESP,2018,3637.08
Spain,ESP,2019,3609.49
Sri Lanka,LKA,2000,5012.65
Sri Lanka,LKA,2001,4129.9
Sri Lanka,LKA,2002,4010.53
Sri Lanka,LKA,2003,4010
Sri Lanka,LKA,2004,4235.3
Sri Lanka,LKA,2005,5593.68
Sri Lanka,LKA,2006,3600.03
Sri Lanka,LKA,2007,3959.3
Sri Lanka,LKA,2008,3491.28
Sri Lanka,LKA,2009,4575.76
Sri Lanka,LKA,2010,4439.07
Sri Lanka,LKA,2011,3659.04
Sri Lanka,LKA,2012,3405.43
Sri Lanka,LKA,2013,3149.37
Sri Lanka,LKA,2014,2721.98
Sri Lanka,LKA,2015,3165.02
Sri Lanka,LKA,2016,3103.07
Sri Lanka,LKA,2017,3046.56
Sri Lanka,LKA,2018,3005.07
Sri Lanka,LKA,2019,2977.42
Sudan,SDN,2000,1176.64
Sudan,SDN,2001,1173.01
Sudan,SDN,2002,1210.02
Sudan,SDN,2003,1218.47
Sudan,SDN,2004,1235.28
Sudan,SDN,2005,1304.29
Sudan,SDN,2006,1311.13
Sudan,SDN,2007,1322.77
Sudan,SDN,2008,1341.14
Sudan,SDN,2009,1376.98
Sudan,SDN,2010,1392.01
Sudan,SDN,2011,1453.5
Sudan,SDN,2012,1443.75
Sudan,SDN,2013,1489.69
Sudan,SDN,2014,1495.36
Sudan,SDN,2015,1507.55
Sudan,SDN,2016,1536.51
Sudan,SDN,2017,1568.7
Sudan,SDN,2018,1617.7
Sudan,SDN,2019,1643.82
Suriname,SUR,2000,101.33
Suriname,SUR,2001,115.18
Suriname,SUR,2002,117.82
Suriname,SUR,2003,118.34
Suriname,SUR,2004,116.62
Suriname,SUR,2005,120.73
Suriname,SUR,2006,124.53
Suriname,SUR,2007,125.41
Suriname,SUR,2008,126.45
Suriname,SUR,2009,127.9
Suriname,SUR,2010,135.07
Suriname,SUR,2011,129.99
Suriname,SUR,2012,136.61
Suriname,SUR,2013,137.35
Suriname,SUR,2014,136.4
Suriname,SUR,2015,138.45
Suriname,SUR,2016,138.05
Suriname,SUR,2017,139.63
Suriname,SUR,2018,146.89
Suriname,SUR,2019,147.51
Sweden,SWE,2000,1338.29
Sweden,SWE,2001,1424.84
Sweden,SWE,2002,1385.65
Sweden,SWE,2003,1288.05
Sweden,SWE,2004,1326.84
Sweden,SWE,2005,1418.24
Sweden,SWE,2006,1363.24
Sweden,SWE,2007,1331.81
Sweden,SWE,2008,1389.89
Sweden,SWE,2009,1466.44
Sweden,SWE,2010,1383.61
Sweden,SWE,2011,1348.4
Sweden,SWE,2012,1427.96
Sweden,SWE,2013,1526.45
Sweden,SWE,2014,1433.08
Sweden,SWE,2015,1536.2
Sweden,SWE,2016,1437.27
Sweden,SWE,2017,1489.55
Sweden,SWE,2018,1488.17
Sweden,SWE,2019,1479.47
Switzerland,CHE,2000,1443.59
Switzerland,CHE,2001,1406.54
Switzerland,CHE,2002,1510.19
Switzerland,CHE,2003,1356.32
Switzerland,CHE,2004,1351.43
Switzerland,CHE,2005,1406.01
Switzerland,CHE,2006,1405.42
Switzerland,CHE,2007,1471.34
Switzerland,CHE,2008,1429.79
Switzerland,CHE,2009,1233.35
Switzerland,CHE,2010,1130.18
Switzerland,CHE,2011,1156.8
Switzerland,CHE,2012,1178.06
Switzerland,CHE,2013,1222.06
Switzerland,CHE,2014,1207.7
Switzerland,CHE,2015,1241.51
Switzerland,CHE,2016,1179.09
Switzerland,CHE,2017,1238.7
Switzerland,CHE,2018,1236.51
Switzerland,CHE,2019,1249.06
Syria,SYR,2000,240.14
Syria,SYR,2001,234.77
Syria,SYR,2002,239.46
Syria,SYR,2003,232.05
Syria,SYR,2004,240.65
Syria,SYR,2005,247.59
Syria,SYR,2006,258.48
Syria,SYR,2007,274.97
Syria,SYR,2008,295.35
Syria,SYR,2009,302.26
Syria,SYR,2010,314.75
Syria,SYR,2011,313.9
Syria,SYR,2012,325.32
Syria,SYR,2013,343.37
Syria,SYR,2014,343.4
Syria,SYR,2015,313.42
Syria,SYR,2016,283.5
Syria,SYR,2017,306.35
Syria,SYR,2018,328.81
Syria,SYR,2019,332.58
Tajikistan,TJK,2000,233.14
Tajikistan,TJK,2001,226.73
Tajikistan,TJK,2002,221.93
Tajikistan,TJK,2003,223.63
Tajikistan,TJK,2004,229.97
Tajikistan,TJK,2005,244.37
Tajikistan,TJK,2006,252.31
Tajikistan,TJK,2007,262.84
Tajikistan,TJK,2008,273.36
Tajikistan,TJK,2009,284.37
Tajikistan,TJK,2010,297.28
Tajikistan,TJK,2011,310.19
Tajikistan,TJK,2012,319.43
Tajikistan,TJK,2013,324.25
Tajikistan,TJK,2014,335.44
Tajikistan,TJK,2015,349.31
Tajikistan,TJK,2016,371.82
Tajikistan,TJK,2017,373.29
Tajikistan,TJK,2018,386.25
Tajikistan,TJK,2019,398.81
Tanzania,TZA,2000,2968.89
Tanzania,TZA,2001,2724.59
Tanzania,TZA,2002,2459.29
Tanzania,TZA,2003,2317.92
Tanzania,TZA,2004,2166.56
Tanzania,TZA,2005,2080.43
Tanzania,TZA,2006,2109.84
Tanzania,TZA,2007,2206.63
Tanzania,TZA,2008,2426.44
Tanzania,TZA,2009,2374.65
Tanzania,TZA,2010,2226.78
Tanzania,TZA,2011,2193.42
Tanzania,TZA,2012,2022.16
Tanzania,TZA,2013,2115.64
Tanzania,TZA,2014,2083.76
Tanzania,TZA,2015,2143.7
Tanzania,TZA,2016,2249.23
Tanzania,TZA,2017,2278.9
Tanzania,TZA,2018,2346.22
Tanzania,TZA,2019,2474.3
Thailand,THA,2000,7548.33
Thailand,THA,2001,6951.04
Thailand,THA,2002,7042.85
Thailand,THA,2003,6932.92
Thailand,THA,2004,6848.41
Thailand,THA,2005,5943.59
Thailand,THA,2006,5840.35
Thailand,THA,2007,5546.03
Thailand,THA,2008,5376.3
Thailand,THA,2009,5323.26
Thailand,THA,2010,5408.9
Thailand,THA,2011,5384.56
Thailand,THA,2012,5337.48
Thailand,THA,2013,5075
Thailand,THA,2014,5312.94
Thailand,THA,2015,5526.78
Thailand,THA,2016,5859.3
Thailand,THA,2017,5815.05
Thailand,THA,2018,6087.5
Thailand,THA,2019,6146.92
Togo,TGO,2000,492.74
Togo,TGO,2001,519.79
Togo,TGO,2002,542.72
Togo,TGO,2003,571.25
Togo,TGO,2004,588.13
Togo,TGO,2005,602.81
Togo,TGO,2006,635.85
Togo,TGO,2007,646.05
Togo,TGO,2008,656.48
Togo,TGO,2009,657.57
Togo,TGO,2010,665.19
Togo,TGO,2011,685.57
Togo,TGO,2012,703.4
Togo,TGO,2013,716.12
Togo,TGO,2014,722.56
Togo,TGO,2015,711.38
Togo,TGO,2016,698.93
Togo,TGO,2017,692.74
Togo,TGO,2018,688.48
Togo,TGO,2019,710.92
Tonga,TON,2000,4.12
Tonga,TON,2001,4.16
Tonga,TON,2002,4.11
Tonga,TON,2003,4.22
Tonga,TON,2004,4.19
Tonga,TON,2005,4.05
Tonga,TON,2006,4.03
Tonga,TON,2007,4.14
Tonga,TON,2008,4.08
Tonga,TON,2009,4.45
Tonga,TON,2010,4.77
Tonga,TON,2011,4.63
Tonga,TON,2012,4.65
Tonga,TON,2013,4.63
Tonga,TON,2014,4.69
Tonga,TON,2015,4.64
Tonga,TON,2016,4.16
Tonga,TON,2017,4.23
Tonga,TON,2018,4.1
Tonga,TON,2019,3.99
Trinidad and Tobago,TTO,2000,206.26
Trinidad and Tobago,TTO,2001,207.84
Trinidad and Tobago,TTO,2002,195.09
Trinidad and Tobago,TTO,2003,171.92
Trinidad and Tobago,TTO,2004,169.28
Trinidad and Tobago,TTO,2005,164.53
Trinidad and Tobago,TTO,2006,147.54
Trinidad and Tobago,TTO,2007,146.52
Trinidad and Tobago,TTO,2008,180.09
Trinidad and Tobago,TTO,2009,147.59
Trinidad and Tobago,TTO,2010,150.73
Trinidad and Tobago,TTO,2011,132.63
Trinidad and Tobago,TTO,2012,128.02
Trinidad and Tobago,TTO,2013,147.32
Trinidad and Tobago,TTO,2014,143.4
Trinidad and Tobago,TTO,2015,139.78
Trinidad and Tobago,TTO,2016,135.44
Trinidad and Tobago,TTO,2017,131.37
Trinidad and Tobago,TTO,2018,124.4
Trinidad and Tobago,TTO,2019,121.02
Tunisia,TUN,2000,358.46
Tunisia,TUN,2001,365.36
Tunisia,TUN,2002,371.14
Tunisia,TUN,2003,374.99
Tunisia,TUN,2004,374.69
Tunisia,TUN,2005,371.5
Tunisia,TUN,2006,374.62
Tunisia,TUN,2007,372.45
Tunisia,TUN,2008,368.44
Tunisia,TUN,2009,369.99
Tunisia,TUN,2010,368.59
Tunisia,TUN,2011,365.02
Tunisia,TUN,2012,363.38
Tunisia,TUN,2013,359.04
Tunisia,TUN,2014,355.25
Tunisia,TUN,2015,350.57
Tunisia,TUN,2016,348.25
Tunisia,TUN,2017,356.51
Tunisia,TUN,2018,369.9
Tunisia,TUN,2019,382.88
Turkey,TUR,2000,2509.66
Turkey,TUR,2001,2330.4
Turkey,TUR,2002,2077.36
Turkey,TUR,2003,2044.65
Turkey,TUR,2004,2000.05
Turkey,TUR,2005,1920.13
Turkey,TUR,2006,1842.94
Turkey,TUR,2007,1746.39
Turkey,TUR,2008,1683.3
Turkey,TUR,2009,1718
Turkey,TUR,2010,1748.48
Turkey,TUR,2011,1645.11
Turkey,TUR,2012,1653.45
Turkey,TUR,2013,1710.02
Turkey,TUR,2014,1772.97
Turkey,TUR,2015,1777.08
Turkey,TUR,2016,1817.82
Turkey,TUR,2017,1856.36
Turkey,TUR,2018,1892.3
Turkey,TUR,2019,2003.46
Turkmenistan,TKM,2000,566.04
Turkmenistan,TKM,2001,616.84
Turkmenistan,TKM,2002,649.38
Turkmenistan,TKM,2003,667.58
Turkmenistan,TKM,2004,674.38
Turkmenistan,TKM,2005,718.14
Turkmenistan,TKM,2006,724.27
Turkmenistan,TKM,2007,640.67
Turkmenistan,TKM,2008,560.46
Turkmenistan,TKM,2009,472.18
Turkmenistan,TKM,2010,433.4
Turkmenistan,TKM,2011,394.25
Turkmenistan,TKM,2012,375.66
Turkmenistan,TKM,2013,383.37
Turkmenistan,TKM,2014,372.38
Turkmenistan,TKM,2015,350.27
Turkmenistan,TKM,2016,351.28
Turkmenistan,TKM,2017,336.39
Turkmenistan,TKM,2018,333.45
Turkmenistan,TKM,2019,336.62
Uganda,UGA,2000,2403.09
Uganda,UGA,2001,2386.8
Uganda,UGA,2002,2366.17
Uganda,UGA,2003,2436.73
Uganda,UGA,2004,2536.57
Uganda,UGA,2005,2672.69
Uganda,UGA,2006,2675.38
Uganda,UGA,2007,2366.17
Uganda,UGA,2008,2154.68
Uganda,UGA,2009,2128.34
Uganda,UGA,2010,2053.68
Uganda,UGA,2011,2113.01
Uganda,UGA,2012,1952.99
Uganda,UGA,2013,1866.37
Uganda,UGA,2014,1767.17
Uganda,UGA,2015,1786.34
Uganda,UGA,2016,1880.37
Uganda,UGA,2017,1823.2
Uganda,UGA,2018,1897.26
Uganda,UGA,2019,2033.03
Ukraine,UKR,2000,19081.5
Ukraine,UKR,2001,17753.83
Ukraine,UKR,2002,17289.34
Ukraine,UKR,2003,16392.66
Ukraine,UKR,2004,15968.12
Ukraine,UKR,2005,15848.23
Ukraine,UKR,2006,14344.76
Ukraine,UKR,2007,14589.66
Ukraine,UKR,2008,14251.51
Ukraine,UKR,2009,12072.66
Ukraine,UKR,2010,11202.42
Ukraine,UKR,2011,10511.46
Ukraine,UKR,2012,10505.09
Ukraine,UKR,2013,10249.86
Ukraine,UKR,2014,10984.73
Ukraine,UKR,2015,9712.6
Ukraine,UKR,2016,9546.7
Ukraine,UKR,2017,9177.02
Ukraine,UKR,2018,9693.22
Ukraine,UKR,2019,9516.72
United Arab Emirates,ARE,2000,269.51
United Arab Emirates,ARE,2001,283.37
United Arab Emirates,ARE,2002,278.78
United Arab Emirates,ARE,2003,277.87
United Arab Emirates,ARE,2004,314.96
United Arab Emirates,ARE,2005,361.66
United Arab Emirates,ARE,2006,442.11
United Arab Emirates,ARE,2007,514.1
United Arab Emirates,ARE,2008,600.86
United Arab Emirates,ARE,2009,671.9
United Arab Emirates,ARE,2010,716.38
United Arab Emirates,ARE,2011,728.97
United Arab Emirates,ARE,2012,718.78
United Arab Emirates,ARE,2013,688.74
United Arab Emirates,ARE,2014,645.8
United Arab Emirates,ARE,2015,599.58
United Arab Emirates,ARE,2016,557.44
United Arab Emirates,ARE,2017,531.14
United Arab Emirates,ARE,2018,581.42
United Arab Emirates,ARE,2019,628.19
United Kingdom,GBR,2000,5036.46
United Kingdom,GBR,2001,4897.56
United Kingdom,GBR,2002,4914.71
United Kingdom,GBR,2003,4715.08
United Kingdom,GBR,2004,4893.38
United Kingdom,GBR,2005,4739.93
United Kingdom,GBR,2006,4738.02
United Kingdom,GBR,2007,4657.83
United Kingdom,GBR,2008,5048.35
United Kingdom,GBR,2009,5028.53
United Kingdom,GBR,2010,4970.17
United Kingdom,GBR,2011,5298.6
United Kingdom,GBR,2012,5317.3
United Kingdom,GBR,2013,5711.11
United Kingdom,GBR,2014,5642.65
United Kingdom,GBR,2015,5807.79
United Kingdom,GBR,2016,5624.76
United Kingdom,GBR,2017,5485.03
United Kingdom,GBR,2018,5417.77
United Kingdom,GBR,2019,5325.02
United States,USA,2000,31061.53
United States,USA,2001,32419.6
United States,USA,2002,33809.14
United States,USA,2003,33904.92
United States,USA,2004,34814.41
United States,USA,2005,34996.3
United States,USA,2006,36112.64
United States,USA,2007,37304.87
United States,USA,2008,38504.88
United States,USA,2009,39095.49
United States,USA,2010,40482.1
United States,USA,2011,41721.68
United States,USA,2012,42435.42
United States,USA,2013,42869.79
United States,USA,2014,44519.39
United States,USA,2015,46203.69
United States,USA,2016,48935.18
United States,USA,2017,51642.91
United States,USA,2018,51298.3
United States,USA,2019,53098.78
Uruguay,URY,2000,531.12
Uruguay,URY,2001,481.27
Uruguay,URY,2002,657.99
Uruguay,URY,2003,518.38
Uruguay,URY,2004,508.13
Uruguay,URY,2005,490.33
Uruguay,URY,2006,514.81
Uruguay,URY,2007,581.14
Uruguay,URY,2008,503.57
Uruguay,URY,2009,500.8
Uruguay,URY,2010,535.95
Uruguay,URY,2011,566.05
Uruguay,URY,2012,602.41
Uruguay,URY,2013,537.08
Uruguay,URY,2014,591.68
Uruguay,URY,2015,636.1
Uruguay,URY,2016,723.01
Uruguay,URY,2017,714.43
Uruguay,URY,2018,729.66
Uruguay,URY,2019,735.37
Uzbekistan,UZB,2000,2499.33
Uzbekistan,UZB,2001,2517.61
Uzbekistan,UZB,2002,2477.02
Uzbekistan,UZB,2003,2323.53
Uzbekistan,UZB,2004,2250.43
Uzbekistan,UZB,2005,2404.68
Uzbekistan,UZB,2006,2352.27
Uzbekistan,UZB,2007,2346.74
Uzbekistan,UZB,2008,2334.34
Uzbekistan,UZB,2009,2230.88
Uzbekistan,UZB,2010,2312.3
Uzbekistan,UZB,2011,2448.2
Uzbekistan,UZB,2012,2632.39
Uzbekistan,UZB,2013,2660.69
Uzbekistan,UZB,2014,2730.48
Uzbekistan,UZB,2015,2832.43
Uzbekistan,UZB,2016,2874.39
Uzbekistan,UZB,2017,2809.19
Uzbekistan,UZB,2018,2775.49
Uzbekistan,UZB,2019,2653.17
Vanuatu,VUT,2000,35.33
Vanuatu,VUT,2001,35.67
Vanuatu,VUT,2002,37.13
Vanuatu,VUT,2003,37.76
Vanuatu,VUT,2004,37.96
Vanuatu,VUT,2005,38.05
Vanuatu,VUT,2006,41.08
Vanuatu,VUT,2007,41.86
Vanuatu,VUT,2008,42.47
Vanuatu,VUT,2009,45.48
Vanuatu,VUT,2010,46.01
Vanuatu,VUT,2011,46.02
Vanuatu,VUT,2012,47.63
Vanuatu,VUT,2013,48.45
Vanuatu,VUT,2014,48.03
Vanuatu,VUT,2015,49.25
Vanuatu,VUT,2016,50.21
Vanuatu,VUT,2017,51.79
Vanuatu,VUT,2018,53.08
Vanuatu,VUT,2019,54.07
Venezuela,VEN,2000,1317.17
Venezuela,VEN,2001,1408.67
Venezuela,VEN,2002,1350
Venezuela,VEN,2003,1252.88
Venezuela,VEN,2004,1176.61
Venezuela,VEN,2005,1148.9
Venezuela,VEN,2006,1058.57
Venezuela,VEN,2007,1009.19
Venezuela,VEN,2008,952.71
Venezuela,VEN,2009,896.61
Venezuela,VEN,2010,972.29
Venezuela,VEN,2011,1029.41
Venezuela,VEN,2012,945.26
Venezuela,VEN,2013,734.87
Venezuela,VEN,2014,638.88
Venezuela,VEN,2015,677.99
Venezuela,VEN,2016,654.14
Venezuela,VEN,2017,634.25
Venezuela,VEN,2018,621.41
Venezuela,VEN,2019,585.15
Vietnam,VNM,2000,4871.13
Vietnam,VNM,2001,4948.48
Vietnam,VNM,2002,4948.77
Vietnam,VNM,2003,5049.46
Vietnam,VNM,2004,5201.72
Vietnam,VNM,2005,5250.18
Vietnam,VNM,2006,5429.83
Vietnam,VNM,2007,5700.58
Vietnam,VNM,2008,5948.19
Vietnam,VNM,2009,6041.79
Vietnam,VNM,2010,6155.69
Vietnam,VNM,2011,6370.44
Vietnam,VNM,2012,6619.62
Vietnam,VNM,2013,6761.56
Vietnam,VNM,2014,6998.93
Vietnam,VNM,2015,7100.14
Vietnam,VNM,2016,7204.9
Vietnam,VNM,2017,7267.16
Vietnam,VNM,2018,7266.33
Vietnam,VNM,2019,7249.09
World,OWID_WRL,2000,791854.75
World,OWID_WRL,2001,770370
World,OWID_WRL,2002,763909.3
World,OWID_WRL,2003,770133.1
World,OWID_WRL,2004,775917.5
World,OWID_WRL,2005,779434.06
World,OWID_WRL,2006,762768.4
World,OWID_WRL,2007,753966.2
World,OWID_WRL,2008,755459.8
World,OWID_WRL,2009,750737.56
World,OWID_WRL,2010,748429.25
World,OWID_WRL,2011,741049.1
World,OWID_WRL,2012,727089.6
World,OWID_WRL,2013,716402.06
World,OWID_WRL,2014,704605.75
World,OWID_WRL,2015,695099.25
World,OWID_WRL,2016,692201.2
World,OWID_WRL,2017,693968.75
World,OWID_WRL,2018,703366.2
World,OWID_WRL,2019,703220.4
Yemen,YEM,2000,1056.83
Yemen,YEM,2001,1083.39
Yemen,YEM,2002,1092.3
Yemen,YEM,2003,1115.75
Yemen,YEM,2004,1168.88
Yemen,YEM,2005,1188.85
Yemen,YEM,2006,1207.21
Yemen,YEM,2007,1236.28
Yemen,YEM,2008,1307.62
Yemen,YEM,2009,1321.9
Yemen,YEM,2010,1316.76
Yemen,YEM,2011,1338.54
Yemen,YEM,2012,1396.86
Yemen,YEM,2013,1425.03
Yemen,YEM,2014,1466.45
Yemen,YEM,2015,1460.25
Yemen,YEM,2016,1551.81
Yemen,YEM,2017,1554.1
Yemen,YEM,2018,1670.97
Yemen,YEM,2019,1698.5
Zambia,ZMB,2000,1384.81
Zambia,ZMB,2001,1320.81
Zambia,ZMB,2002,1330.27
Zambia,ZMB,2003,1301.62
Zambia,ZMB,2004,1403.51
Zambia,ZMB,2005,1412.21
Zambia,ZMB,2006,1419.13
Zambia,ZMB,2007,1293.38
Zambia,ZMB,2008,1249.31
Zambia,ZMB,2009,1288.18
Zambia,ZMB,2010,1380.72
Zambia,ZMB,2011,1437.48
Zambia,ZMB,2012,1361.24
Zambia,ZMB,2013,1354.69
Zambia,ZMB,2014,1386.21
Zambia,ZMB,2015,1384.34
Zambia,ZMB,2016,1385.08
Zambia,ZMB,2017,1437.08
Zambia,ZMB,2018,1407.64
Zambia,ZMB,2019,1302.51
Zimbabwe,ZWE,2000,1577.62
Zimbabwe,ZWE,2001,1527.42
Zimbabwe,ZWE,2002,1600.38
Zimbabwe,ZWE,2003,1576.86
Zimbabwe,ZWE,2004,1702.59
Zimbabwe,ZWE,2005,1687.69
Zimbabwe,ZWE,2006,1747.69
Zimbabwe,ZWE,2007,2113.35
Zimbabwe,ZWE,2008,2493.74
Zimbabwe,ZWE,2009,2777.55
Zimbabwe,ZWE,2010,2731.26
Zimbabwe,ZWE,2011,2668.71
Zimbabwe,ZWE,2012,2579.84
Zimbabwe,ZWE,2013,2478.93
Zimbabwe,ZWE,2014,2468.72
Zimbabwe,ZWE,2015,2480.53
Zimbabwe,ZWE,2016,2350.14
Zimbabwe,ZWE,2017,2138.99
Zimbabwe,ZWE,2018,2022.05
Zimbabwe,ZWE,2019,2068.51
